"Date","Time","Open","High","Low","Close","TotalVolume"
2009/3/27,00:00:00,3622,3662,3149,3562,360228
2009/3/30,00:00:00,3535,3581,3530,3546,145888
2009/3/31,00:00:00,3535,3567,3535,3550,71002
2009/4/1,00:00:00,3557,3559,3545,3549,28388
2009/4/2,00:00:00,3548,3550,3458,3475,236480
2009/4/3,00:00:00,3474,3478,3438,3450,153874
2009/4/7,00:00:00,3435,3519,3430,3493,242558
2009/4/8,00:00:00,3489,3492,3458,3465,147714
2009/4/9,00:00:00,3485,3487,3462,3470,88100
2009/4/10,00:00:00,3479,3501,3472,3486,121774
2009/4/13,00:00:00,3484,3495,3466,3471,110892
2009/4/14,00:00:00,3477,3601,3471,3561,541858
2009/4/15,00:00:00,3564,3591,3552,3564,256590
2009/4/16,00:00:00,3582,3629,3572,3598,251234
2009/4/17,00:00:00,3607,3650,3583,3622,340950
2009/4/20,00:00:00,3622,3650,3617,3625,260904
2009/4/21,00:00:00,3585,3593,3489,3526,333156
2009/4/22,00:00:00,3541,3568,3510,3528,169038
2009/4/23,00:00:00,3524,3533,3490,3515,131106
2009/4/24,00:00:00,3510,3524,3499,3503,102004
2009/4/27,00:00:00,3516,3522,3494,3501,102958
2009/4/28,00:00:00,3507,3517,3504,3509,97352
2009/4/29,00:00:00,3510,3522,3505,3522,102924
2009/4/30,00:00:00,3539,3576,3525,3554,249142
2009/5/4,00:00:00,3587,3661,3585,3637,575670
2009/5/5,00:00:00,3636,3636,3572,3579,176798
2009/5/6,00:00:00,3575,3600,3575,3596,104310
2009/5/7,00:00:00,3629,3630,3593,3595,151292
2009/5/8,00:00:00,3597,3617,3591,3615,104146
2009/5/11,00:00:00,3619,3679,3607,3640,337180
2009/5/12,00:00:00,3648,3661,3631,3646,194050
2009/5/13,00:00:00,3656,3657,3635,3640,119000
2009/5/14,00:00:00,3616,3620,3591,3596,140800
2009/5/15,00:00:00,3603,3619,3598,3605,132894
2009/5/18,00:00:00,3589,3613,3583,3609,105328
2009/5/19,00:00:00,3620,3628,3613,3620,95996
2009/5/20,00:00:00,3615,3645,3614,3619,119384
2009/5/21,00:00:00,3623,3643,3621,3625,118058
2009/5/22,00:00:00,3624,3628,3611,3620,60846
2009/5/25,00:00:00,3622,3624,3602,3611,96118
2009/5/26,00:00:00,3611,3621,3598,3603,114466
2009/5/27,00:00:00,3617,3618,3608,3612,46624
2009/6/1,00:00:00,3638,3658,3631,3649,194440
2009/6/2,00:00:00,3654,3683,3654,3657,200650
2009/6/3,00:00:00,3658,3674,3658,3672,105942
2009/6/4,00:00:00,3659,3713,3654,3702,371940
2009/6/5,00:00:00,3723,3779,3722,3757,269288
2009/6/8,00:00:00,3750,3794,3749,3790,295768
2009/6/9,00:00:00,3797,3808,3770,3781,216332
2009/6/10,00:00:00,3796,3815,3776,3810,240044
2009/6/11,00:00:00,3813,3941,3810,3880,638952
2009/6/12,00:00:00,3898,3929,3838,3866,593530
2009/6/15,00:00:00,3857,3879,3825,3851,370066
2009/6/16,00:00:00,3838,3884,3835,3867,363330
2009/6/17,00:00:00,3870,3880,3844,3855,219252
2009/6/18,00:00:00,3858,3868,3833,3845,194002
2009/6/19,00:00:00,3853,3921,3849,3909,567686
2009/6/22,00:00:00,3915,3937,3903,3921,506902
2009/6/23,00:00:00,3897,3902,3838,3884,503470
2009/6/24,00:00:00,3883,3899,3861,3873,287118
2009/6/25,00:00:00,3868,3890,3862,3869,287590
2009/6/26,00:00:00,3868,3889,3849,3857,380966
2009/6/29,00:00:00,3845,3856,3827,3832,293528
2009/6/30,00:00:00,3837,3843,3817,3827,218656
2009/7/1,00:00:00,3823,3846,3823,3842,231074
2009/7/2,00:00:00,3855,3880,3848,3868,317248
2009/7/3,00:00:00,3872,3883,3859,3861,293702
2009/7/6,00:00:00,3861,3874,3857,3866,172134
2009/7/7,00:00:00,3876,3878,3865,3872,140088
2009/7/8,00:00:00,3864,3870,3837,3851,160412
2009/7/9,00:00:00,3843,3870,3843,3867,113150
2009/7/10,00:00:00,3879,3901,3872,3892,311404
2009/7/13,00:00:00,3918,3922,3898,3905,271126
2009/7/14,00:00:00,3917,3927,3910,3919,200484
2009/7/15,00:00:00,3932,3997,3928,3995,419780
2009/7/16,00:00:00,4007,4044,3990,4027,451608
2009/7/17,00:00:00,4033,4035,3996,4003,284618
2009/7/20,00:00:00,4013,4027,4003,4026,300870
2009/7/21,00:00:00,4029,4041,4013,4033,319988
2009/7/22,00:00:00,4041,4086,4036,4070,469112
2009/7/23,00:00:00,4082,4122,4076,4121,468044
2009/7/24,00:00:00,4129,4197,4121,4184,582142
2009/7/27,00:00:00,4193,4258,4185,4239,845948
2009/7/28,00:00:00,4238,4333,4221,4330,951614
2009/7/29,00:00:00,4329,4411,4306,4387,1820220
2009/7/30,00:00:00,4402,4443,4359,4440,1514618
2009/7/31,00:00:00,4476,4623,4458,4623,1664602
2009/8/3,00:00:00,4773,4861,4771,4861,1574716
2009/8/4,00:00:00,4967,4972,4819,4843,1780578
2009/8/5,00:00:00,4866,4942,4820,4876,2285304
2009/8/6,00:00:00,4869,4897,4818,4866,1857790
2009/8/7,00:00:00,4852,4865,4648,4678,2597808
2009/8/10,00:00:00,4673,4741,4578,4655,2703414
2009/8/11,00:00:00,4628,4689,4621,4674,1699688
2009/8/12,00:00:00,4673,4677,4583,4609,1805964
2009/8/13,00:00:00,4655,4692,4619,4631,1667900
2009/8/14,00:00:00,4647,4651,4476,4525,1966996
2009/8/17,00:00:00,4445,4548,4380,4448,2411666
2009/8/18,00:00:00,4475,4506,4405,4427,2092496
2009/8/19,00:00:00,4419,4424,4227,4227,2229280
2009/8/20,00:00:00,4239,4317,4139,4288,3787488
2009/8/21,00:00:00,4263,4427,4253,4338,4114156
2009/8/24,00:00:00,4445,4445,4312,4328,3313874
2009/8/25,00:00:00,4273,4274,4189,4245,2763674
2009/8/26,00:00:00,4213,4299,4208,4273,2983968
2009/8/27,00:00:00,4262,4311,4228,4275,3070170
2009/8/28,00:00:00,4305,4339,4256,4275,3139222
2009/8/31,00:00:00,4271,4274,4111,4127,2756956
2009/9/1,00:00:00,4107,4128,4063,4078,3060992
2009/9/2,00:00:00,4028,4079,4019,4036,2986130
2009/9/3,00:00:00,4043,4074,4006,4047,3077588
2009/9/4,00:00:00,4047,4064,4015,4030,2354964
2009/9/7,00:00:00,4009,4011,3907,3916,2542632
2009/9/8,00:00:00,3895,3952,3879,3937,3143754
2009/9/9,00:00:00,3964,4034,3953,4029,3690112
2009/9/10,00:00:00,4032,4063,3994,3998,3179564
2009/9/11,00:00:00,3979,4014,3954,3966,2389394
2009/9/14,00:00:00,3899,3965,3897,3964,2282328
2009/9/15,00:00:00,3980,3985,3944,3960,2526982
2009/9/16,00:00:00,3976,4032,3961,4028,3097676
2009/9/17,00:00:00,4037,4055,3981,3981,3062482
2009/9/18,00:00:00,3976,3988,3933,3965,2710656
2009/9/21,00:00:00,3959,3998,3953,3989,2397944
2009/9/22,00:00:00,3983,3990,3951,3953,1825560
2009/9/23,00:00:00,3956,3960,3892,3893,2338702
2009/9/24,00:00:00,3876,3878,3821,3859,2560490
2009/9/25,00:00:00,3831,3853,3816,3824,2125280
2009/9/28,00:00:00,3808,3811,3649,3664,2623456
2009/9/29,00:00:00,3656,3725,3638,3715,2302948
2009/9/30,00:00:00,3720,3738,3686,3706,1524736
2009/10/9,00:00:00,3733,3759,3658,3660,1777818
2009/10/12,00:00:00,3617,3682,3599,3677,3208164
2009/10/13,00:00:00,3670,3688,3646,3652,3255104
2009/10/14,00:00:00,3650,3678,3641,3666,2119292
2009/10/15,00:00:00,3673,3742,3668,3740,3699884
2009/10/16,00:00:00,3756,3815,3748,3815,3593734
2009/10/19,00:00:00,3827,3945,3817,3854,5248226
2009/10/20,00:00:00,3859,3887,3803,3834,4652278
2009/10/21,00:00:00,3824,3885,3821,3879,4512436
2009/10/22,00:00:00,3915,3930,3850,3851,3981464
2009/10/23,00:00:00,3852,3904,3852,3885,3428686
2009/10/26,00:00:00,3903,3997,3903,3995,4135042
2009/10/27,00:00:00,3991,4006,3953,3971,4584462
2009/10/28,00:00:00,3960,3965,3861,3871,4377864
2009/10/29,00:00:00,3834,3858,3795,3841,3904284
2009/10/30,00:00:00,3890,3897,3854,3881,3885980
2009/11/2,00:00:00,3852,3930,3837,3925,4506272
2009/11/3,00:00:00,3931,3954,3900,3903,4749578
2009/11/4,00:00:00,3915,3927,3896,3919,2918554
2009/11/5,00:00:00,3925,3951,3914,3947,2602376
2009/11/6,00:00:00,3957,4012,3952,4011,2788244
2009/11/9,00:00:00,4019,4101,4010,4087,3738850
2009/11/10,00:00:00,4106,4118,4073,4076,4928442
2009/11/11,00:00:00,4085,4114,4066,4078,4118524
2009/11/12,00:00:00,4084,4095,4047,4060,3448910
2009/11/13,00:00:00,4048,4102,4023,4101,3922212
2009/11/16,00:00:00,4112,4131,4091,4106,3310900
2009/11/17,00:00:00,4126,4135,4105,4115,2787892
2009/11/18,00:00:00,4116,4143,4106,4139,2277138
2009/11/19,00:00:00,4128,4221,4128,4201,4241100
2009/11/20,00:00:00,4204,4231,4172,4189,3246962
2009/11/23,00:00:00,4205,4259,4195,4254,3452362
2009/11/24,00:00:00,4241,4277,4179,4207,4100678
2009/11/25,00:00:00,4216,4259,4204,4250,2911704
2009/11/26,00:00:00,4268,4289,4213,4237,3618458
2009/11/27,00:00:00,4212,4213,4095,4108,4489744
2009/11/30,00:00:00,4154,4212,4148,4189,4127396
2009/12/1,00:00:00,4207,4216,4158,4191,3533184
2009/12/2,00:00:00,4207,4238,4185,4217,3107368
2009/12/3,00:00:00,4217,4239,4210,4226,2424830
2009/12/4,00:00:00,4216,4246,4199,4230,2757060
2009/12/7,00:00:00,4217,4258,4215,4234,2184190
2009/12/8,00:00:00,4242,4243,4164,4195,3184318
2009/12/9,00:00:00,4154,4178,4140,4157,2048940
2009/12/10,00:00:00,4151,4227,4144,4226,3581172
2009/12/11,00:00:00,4253,4296,4245,4287,3359176
2009/12/14,00:00:00,4296,4326,4232,4324,3006678
2009/12/15,00:00:00,4329,4330,4291,4300,2829612
2009/12/16,00:00:00,4301,4329,4284,4304,1727378
2009/12/17,00:00:00,4326,4341,4295,4302,1823286
2009/12/18,00:00:00,4277,4306,4274,4295,1128060
2009/12/21,00:00:00,4304,4334,4292,4334,1246578
2009/12/22,00:00:00,4334,4360,4325,4331,2026046
2009/12/23,00:00:00,4329,4352,4324,4335,1250948
2009/12/24,00:00:00,4354,4406,4340,4392,1600242
2009/12/25,00:00:00,4397,4411,4376,4393,1201308
2009/12/28,00:00:00,4402,4471,4401,4462,1450906
2009/12/29,00:00:00,4467,4482,4430,4438,1498642
2009/12/30,00:00:00,4441,4451,4418,4424,1032652
2009/12/31,00:00:00,4423,4454,4423,4448,1024594
2010/1/4,00:00:00,4467,4546,4462,4516,1920496
2010/1/5,00:00:00,4533,4541,4511,4531,1381968
2010/1/6,00:00:00,4525,4581,4525,4571,1586736
2010/1/7,00:00:00,4594,4603,4375,4461,2438390
2010/1/8,00:00:00,4473,4473,4404,4452,1759354
2010/1/11,00:00:00,4479,4517,4465,4516,1323994
2010/1/12,00:00:00,4501,4525,4480,4510,1360398
2010/1/13,00:00:00,4402,4460,4368,4424,1650242
2010/1/14,00:00:00,4463,4469,4437,4440,1181522
2010/1/15,00:00:00,4427,4444,4370,4382,1451816
2010/1/18,00:00:00,4342,4411,4332,4409,1288420
2010/1/19,00:00:00,4418,4430,4380,4401,1357038
2010/1/20,00:00:00,4412,4414,4366,4384,1371996
2010/1/21,00:00:00,4358,4386,4351,4375,1056880
2010/1/22,00:00:00,4354,4359,4284,4307,1389220
2010/1/25,00:00:00,4308,4312,4283,4299,1027912
2010/1/26,00:00:00,4300,4310,4279,4291,983040
2010/1/27,00:00:00,4302,4345,4293,4336,1603948
2010/1/28,00:00:00,4297,4336,4292,4314,1962838
2010/1/29,00:00:00,4308,4334,4299,4323,1334538
2010/2/1,00:00:00,4338,4354,4302,4319,1281612
2010/2/2,00:00:00,4343,4345,4162,4197,2971710
2010/2/3,00:00:00,4213,4230,4182,4224,1813120
2010/2/4,00:00:00,4194,4198,4141,4164,1397792
2010/2/5,00:00:00,4131,4159,4120,4159,1099704
2010/2/8,00:00:00,4167,4186,4153,4178,696212
2010/2/9,00:00:00,4180,4210,4166,4203,722978
2010/2/10,00:00:00,4203,4268,4202,4254,909412
2010/2/11,00:00:00,4243,4285,4242,4278,610614
2010/2/12,00:00:00,4287,4350,4282,4347,762924
2010/2/22,00:00:00,4399,4438,4296,4307,1311314
2010/2/23,00:00:00,4289,4369,4287,4357,1458096
2010/2/24,00:00:00,4342,4355,4311,4337,1369490
2010/2/25,00:00:00,4345,4360,4306,4321,1398622
2010/2/26,00:00:00,4321,4349,4296,4346,1150256
2010/3/1,00:00:00,4374,4396,4349,4392,1245640
2010/3/2,00:00:00,4381,4390,4341,4351,1300704
2010/3/3,00:00:00,4363,4368,4332,4348,1109502
2010/3/4,00:00:00,4341,4360,4325,4330,1393248
2010/3/5,00:00:00,4327,4366,4324,4362,1218974
2010/3/8,00:00:00,4374,4429,4370,4426,1371918
2010/3/9,00:00:00,4431,4464,4410,4457,1404174
2010/3/10,00:00:00,4459,4487,4457,4484,1683088
2010/3/11,00:00:00,4492,4518,4459,4507,2359172
2010/3/12,00:00:00,4521,4533,4506,4521,1599494
2010/3/15,00:00:00,4528,4539,4509,4531,1580464
2010/3/16,00:00:00,4533,4690,4527,4677,3539474
2010/3/17,00:00:00,4701,4728,4659,4677,3689148
2010/3/18,00:00:00,4667,4687,4646,4648,2263576
2010/3/19,00:00:00,4650,4686,4639,4678,1821724
2010/3/22,00:00:00,4676,4734,4675,4695,2224830
2010/3/23,00:00:00,4710,4715,4675,4678,1632664
2010/3/24,00:00:00,4678,4719,4668,4713,1936164
2010/3/25,00:00:00,4732,4743,4707,4733,1691996
2010/3/26,00:00:00,4743,4791,4732,4741,2787994
2010/3/29,00:00:00,4759,4773,4736,4761,1898772
2010/3/30,00:00:00,4773,4779,4712,4718,2067264
2010/3/31,00:00:00,4717,4731,4704,4711,1498642
2010/4/1,00:00:00,4719,4722,4683,4711,1506246
2010/4/2,00:00:00,4724,4744,4718,4742,1089424
2010/4/6,00:00:00,4761,4789,4752,4782,1380164
2010/4/7,00:00:00,4796,4814,4787,4809,1346900
2010/4/8,00:00:00,4804,4809,4768,4777,1216422
2010/4/9,00:00:00,4785,4818,4773,4817,1360422
2010/4/12,00:00:00,4834,4854,4822,4843,1612010
2010/4/13,00:00:00,4831,4871,4830,4855,1887262
2010/4/14,00:00:00,4865,4870,4833,4835,1868216
2010/4/15,00:00:00,4835,4844,4795,4801,2036176
2010/4/16,00:00:00,4800,4826,4787,4821,1719752
2010/4/19,00:00:00,4790,4800,4721,4738,2474686
2010/4/20,00:00:00,4752,4763,4732,4758,1721240
2010/4/21,00:00:00,4755,4758,4721,4746,1741110
2010/4/22,00:00:00,4737,4754,4719,4724,1407014
2010/4/23,00:00:00,4721,4734,4715,4729,1246124
2010/4/26,00:00:00,4746,4751,4714,4723,1284464
2010/4/27,00:00:00,4705,4714,4659,4668,1674246
2010/4/28,00:00:00,4615,4639,4579,4581,1900842
2010/4/29,00:00:00,4589,4613,4571,4576,1881532
2010/4/30,00:00:00,4586,4630,4583,4627,1798496
2010/5/4,00:00:00,4605,4668,4602,4658,2164596
2010/5/5,00:00:00,4621,4654,4608,4646,2311892
2010/5/6,00:00:00,4653,4669,4623,4628,2180220
2010/5/7,00:00:00,4598,4608,4532,4538,2522424
2010/5/10,00:00:00,4566,4567,4485,4527,2917508
2010/5/11,00:00:00,4528,4540,4470,4473,2837236
2010/5/12,00:00:00,4460,4460,4391,4401,3353762
2010/5/13,00:00:00,4403,4421,4368,4395,3120402
2010/5/14,00:00:00,4377,4414,4360,4363,2976976
2010/5/17,00:00:00,4324,4325,4175,4182,3372142
2010/5/18,00:00:00,4200,4244,4140,4211,4174388
2010/5/19,00:00:00,4159,4250,4154,4224,3914688
2010/5/20,00:00:00,4241,4297,4231,4252,3591082
2010/5/21,00:00:00,4217,4245,4165,4230,3549056
2010/5/24,00:00:00,4265,4322,4260,4319,2811692
2010/5/25,00:00:00,4290,4313,4263,4266,3132284
2010/5/26,00:00:00,4289,4298,4255,4274,2871220
2010/5/27,00:00:00,4258,4285,4228,4272,3157136
2010/5/28,00:00:00,4289,4314,4253,4259,2899348
2010/5/31,00:00:00,4235,4259,4218,4218,2476180
2010/6/1,00:00:00,4205,4215,4177,4181,2681684
2010/6/2,00:00:00,4171,4207,4152,4188,3219474
2010/6/3,00:00:00,4211,4217,4185,4203,2377938
2010/6/4,00:00:00,4171,4187,4167,4184,1588558
2010/6/7,00:00:00,4066,4089,4013,4027,3984480
2010/6/8,00:00:00,4039,4068,4037,4067,1813358
2010/6/9,00:00:00,4074,4112,4049,4107,1856006
2010/6/10,00:00:00,4093,4105,4075,4089,1522448
2010/6/11,00:00:00,4101,4130,4098,4118,1217904
2010/6/17,00:00:00,4139,4153,4119,4120,1049982
2010/6/18,00:00:00,4119,4133,4098,4100,1296976
2010/6/21,00:00:00,4116,4181,4099,4173,2452972
2010/6/22,00:00:00,4141,4166,4139,4149,1367266
2010/6/23,00:00:00,4099,4128,4073,4094,2482798
2010/6/24,00:00:00,4100,4122,4095,4114,1370814
2010/6/25,00:00:00,4109,4114,4088,4097,1137454
2010/6/28,00:00:00,4116,4117,4042,4053,2283546
2010/6/29,00:00:00,4033,4051,3998,4011,2067676
2010/6/30,00:00:00,3983,4008,3977,4004,1258374
2010/7/1,00:00:00,3983,4008,3977,3983,1367688
2010/7/2,00:00:00,3973,4003,3946,4000,2119382
2010/7/5,00:00:00,3993,4025,3981,4017,1699286
2010/7/6,00:00:00,4002,4028,3992,3998,1656714
2010/7/7,00:00:00,4002,4013,3989,4000,1239024
2010/7/8,00:00:00,4026,4033,3970,3971,1813894
2010/7/9,00:00:00,3964,3997,3951,3992,2143848
2010/7/12,00:00:00,3989,4018,3979,4009,1997230
2010/7/13,00:00:00,4002,4009,3975,3984,1725668
2010/7/14,00:00:00,3990,4007,3972,3987,2278990
2010/7/15,00:00:00,3981,4004,3967,3985,2054228
2010/7/16,00:00:00,3993,4001,3984,3998,1218312
2010/7/19,00:00:00,3983,4072,3982,4069,2772360
2010/7/20,00:00:00,4074,4128,4067,4125,2923968
2010/7/21,00:00:00,4123,4143,4113,4123,2606256
2010/7/22,00:00:00,4125,4137,4113,4123,1946772
2010/7/23,00:00:00,4143,4185,4138,4176,3117930
2010/7/26,00:00:00,4181,4190,4161,4168,2148708
2010/7/27,00:00:00,4166,4169,4112,4114,2228952
2010/7/28,00:00:00,4110,4182,4106,4179,2228670
2010/7/29,00:00:00,4181,4200,4158,4176,2563044
2010/7/30,00:00:00,4184,4244,4177,4242,3528614
2010/8/2,00:00:00,4269,4314,4268,4289,2852210
2010/8/3,00:00:00,4306,4308,4261,4262,2683074
2010/8/4,00:00:00,4256,4291,4243,4288,2788398
2010/8/5,00:00:00,4294,4312,4256,4270,955468
2010/8/6,00:00:00,4256,4292,4255,4285,2071120
2010/8/9,00:00:00,4299,4350,4298,4349,2630734
2010/8/10,00:00:00,4352,4352,4327,4330,2094954
2010/8/11,00:00:00,4331,4381,4329,4337,3204034
2010/8/12,00:00:00,4309,4311,4277,4280,2305096
2010/8/13,00:00:00,4291,4314,4276,4314,2083868
2010/8/16,00:00:00,4307,4350,4298,4341,2059826
2010/8/17,00:00:00,4356,4366,4327,4349,2308076
2010/8/18,00:00:00,4370,4370,4343,4343,1913430
2010/8/19,00:00:00,4346,4360,4325,4349,1756498
2010/8/20,00:00:00,4330,4332,4296,4299,1779478
2010/8/23,00:00:00,4301,4303,4245,4252,2158786
2010/8/24,00:00:00,4237,4268,4228,4232,2056934
2010/8/25,00:00:00,4210,4238,4210,4219,1656214
2010/8/26,00:00:00,4237,4254,4233,4251,1366684
2010/8/27,00:00:00,4257,4267,4242,4264,1275442
2010/8/30,00:00:00,4289,4328,4280,4327,2153840
2010/8/31,00:00:00,4310,4340,4302,4311,2230140
2010/9/1,00:00:00,4323,4369,4317,4350,2483166
2010/9/2,00:00:00,4383,4390,4370,4385,1775700
2010/9/3,00:00:00,4396,4397,4359,4365,1504992
2010/9/6,00:00:00,4487,4591,4486,4585,3130208
2010/9/7,00:00:00,4579,4591,4548,4570,2632464
2010/9/8,00:00:00,4564,4565,4535,4543,1977484
2010/9/9,00:00:00,4559,4559,4353,4446,2923714
2010/9/10,00:00:00,4454,4504,4444,4499,2541964
2010/9/13,00:00:00,4543,4543,4479,4488,2276942
2010/9/14,00:00:00,4487,4491,4414,4426,2545250
2010/9/15,00:00:00,4432,4442,4410,4424,2151140
2010/9/16,00:00:00,4425,4441,4361,4374,2475166
2010/9/17,00:00:00,4376,4391,4362,4370,1982484
2010/9/20,00:00:00,4385,4425,4368,4388,2687882
2010/9/21,00:00:00,4386,4389,4323,4332,1640640
2010/9/27,00:00:00,4356,4357,4276,4278,1708390
2010/9/28,00:00:00,4262,4303,4254,4276,1428558
2010/9/29,00:00:00,4280,4308,4246,4268,1489412
2010/9/30,00:00:00,4243,4292,4227,4290,1390056
2010/10/8,00:00:00,4280,4336,4274,4323,1221888
2010/10/11,00:00:00,4370,4432,4369,4414,2408884
2010/10/12,00:00:00,4381,4406,4368,4381,1894044
2010/10/13,00:00:00,4388,4435,4386,4430,2388974
2010/10/14,00:00:00,4447,4447,4396,4403,2111860
2010/10/15,00:00:00,4389,4435,4370,4432,2007884
2010/10/18,00:00:00,4419,4489,4418,4462,2897710
2010/10/19,00:00:00,4484,4485,4416,4436,669246
2010/10/20,00:00:00,4356,4403,4333,4379,2017456
2010/10/21,00:00:00,4385,4414,4373,4386,2050362
2010/10/22,00:00:00,4368,4389,4366,4373,1161826
2010/10/25,00:00:00,4393,4472,4383,4466,2688090
2010/10/26,00:00:00,4475,4480,4431,4437,2214948
2010/10/27,00:00:00,4449,4500,4431,4450,3569510
2010/10/28,00:00:00,4451,4487,4451,4468,1735900
2010/10/29,00:00:00,4462,4476,4441,4468,1583466
2010/11/1,00:00:00,4499,4526,4487,4518,1755344
2010/11/2,00:00:00,4524,4530,4501,4509,1207912
2010/11/3,00:00:00,4523,4556,4511,4520,1767948
2010/11/4,00:00:00,4537,4583,4533,4579,1593412
2010/11/5,00:00:00,4630,4705,4616,4687,2764310
2010/11/8,00:00:00,4691,4696,4659,4687,1675766
2010/11/9,00:00:00,4692,4883,4689,4834,2991994
2010/11/10,00:00:00,4833,4866,4716,4753,2731888
2010/11/11,00:00:00,4748,4831,4726,4776,2486420
2010/11/12,00:00:00,4760,4760,4561,4626,4533368
2010/11/15,00:00:00,4609,4680,4598,4654,2804884
2010/11/16,00:00:00,4671,4673,4623,4635,1834112
2010/11/17,00:00:00,4519,4565,4485,4542,2734114
2010/11/18,00:00:00,4583,4611,4556,4603,1684716
2010/11/19,00:00:00,4642,4656,4580,4637,822636
2010/11/22,00:00:00,4622,4661,4616,4639,1395770
2010/11/23,00:00:00,4628,4639,4587,4604,1618400
2010/11/24,00:00:00,4606,4695,4597,4691,1616024
2010/11/25,00:00:00,4705,4733,4678,4681,1697182
2010/11/26,00:00:00,4689,4694,4630,4650,1509400
2010/11/29,00:00:00,4645,4679,4635,4668,934204
2010/11/30,00:00:00,4661,4666,4614,4638,966150
2010/12/1,00:00:00,4644,4689,4630,4679,798148
2010/12/2,00:00:00,4717,4723,4679,4688,801592
2010/12/3,00:00:00,4689,4745,4689,4730,1206386
2010/12/6,00:00:00,4744,4744,4708,4722,691030
2010/12/7,00:00:00,4723,4772,4713,4762,891226
2010/12/8,00:00:00,4745,4759,4715,4716,640674
2010/12/9,00:00:00,4734,4746,4717,4720,607402
2010/12/10,00:00:00,4710,4736,4699,4732,498228
2010/12/13,00:00:00,4736,4791,4733,4782,719134
2010/12/14,00:00:00,4783,4793,4765,4786,137842
2010/12/15,00:00:00,4778,4816,4756,4776,768890
2010/12/16,00:00:00,4765,4790,4765,4771,395156
2010/12/17,00:00:00,4776,4796,4775,4794,413048
2010/12/20,00:00:00,4814,4829,4775,4805,591352
2010/12/21,00:00:00,4816,4835,4807,4826,495722
2010/12/22,00:00:00,4831,4834,4789,4799,476574
2010/12/23,00:00:00,4796,4802,4769,4780,399478
2010/12/24,00:00:00,4784,4789,4750,4769,387190
2010/12/27,00:00:00,4741,4776,4728,4741,418438
2010/12/28,00:00:00,4749,4762,4745,4751,267704
2010/12/29,00:00:00,4754,4784,4729,4777,506736
2010/12/30,00:00:00,4771,4799,4759,4798,330354
2010/12/31,00:00:00,4790,4821,4787,4821,292590
2011/1/4,00:00:00,4841,4848,4815,4833,310108
2011/1/5,00:00:00,4819,4834,4809,4812,268464
2011/1/6,00:00:00,4826,4846,4819,4832,227804
2011/1/7,00:00:00,4817,4848,4802,4815,417420
2011/1/10,00:00:00,4836,4884,4832,4869,589132
2011/1/11,00:00:00,4881,4884,4863,4883,287650
2011/1/12,00:00:00,4900,4904,4872,4886,334024
2011/1/13,00:00:00,4894,4915,4884,4912,313748
2011/1/14,00:00:00,4909,4954,4903,4944,526224
2011/1/17,00:00:00,4945,4971,4935,4953,387272
2011/1/18,00:00:00,4959,4964,4927,4948,310088
2011/1/19,00:00:00,4952,4979,4945,4966,318136
2011/1/20,00:00:00,4953,4964,4951,4953,241480
2011/1/21,00:00:00,4938,4991,4931,4987,419612
2011/1/24,00:00:00,4995,5017,4988,5007,336736
2011/1/25,00:00:00,5002,5027,4994,5016,369404
2011/1/26,00:00:00,5004,5011,4972,4994,312382
2011/1/27,00:00:00,5003,5003,4938,4979,543846
2011/1/28,00:00:00,4968,4993,4968,4986,197206
2011/1/31,00:00:00,4999,5056,4992,5050,295902
2011/2/1,00:00:00,5063,5075,5038,5075,214898
2011/2/9,00:00:00,5063,5088,5056,5075,75130
2011/2/10,00:00:00,5078,5151,5075,5142,460074
2011/2/11,00:00:00,5147,5187,5127,5132,555062
2011/2/14,00:00:00,5142,5143,5109,5121,101814
2011/2/15,00:00:00,5138,5159,5125,5127,344384
2011/2/16,00:00:00,5108,5114,5053,5076,610122
2011/2/17,00:00:00,5091,5091,4988,4996,787430
2011/2/18,00:00:00,5008,5023,4968,4968,564058
2011/2/21,00:00:00,4978,5022,4956,5008,612498
2011/2/22,00:00:00,5017,5045,4944,4990,709348
2011/2/23,00:00:00,4941,4963,4926,4936,522008
2011/2/24,00:00:00,4947,4953,4880,4890,660944
2011/2/25,00:00:00,4899,4912,4862,4869,590658
2011/2/28,00:00:00,4886,4910,4870,4899,450596
2011/3/1,00:00:00,4910,4922,4819,4837,764994
2011/3/2,00:00:00,4829,4857,4799,4849,580138
2011/3/3,00:00:00,4846,4878,4801,4816,770274
2011/3/4,00:00:00,4812,4831,4776,4819,668758
2011/3/7,00:00:00,4816,4844,4805,4834,646364
2011/3/8,00:00:00,4800,4842,4759,4777,1004802
2011/3/9,00:00:00,4779,4796,4761,4774,499632
2011/3/10,00:00:00,4742,4748,4680,4680,700666
2011/3/11,00:00:00,4667,4693,4652,4656,680536
2011/3/14,00:00:00,4643,4739,4642,4731,1063994
2011/3/15,00:00:00,4738,4780,4712,4773,1058030
2011/3/16,00:00:00,4777,4834,4755,4831,1003030
2011/3/17,00:00:00,4815,4848,4795,4817,925026
2011/3/18,00:00:00,4846,4847,4742,4756,1166646
2011/3/21,00:00:00,4747,4751,4653,4654,1039740
2011/3/22,00:00:00,4636,4686,4629,4650,1046430
2011/3/23,00:00:00,4653,4737,4651,4728,1140710
2011/3/24,00:00:00,4742,4760,4685,4718,1160760
2011/3/25,00:00:00,4726,4743,4706,4730,802014
2011/3/28,00:00:00,4753,4795,4744,4779,1041330
2011/3/29,00:00:00,4775,4823,4765,4813,1042880
2011/3/30,00:00:00,4821,4832,4775,4793,943216
2011/3/31,00:00:00,4793,4817,4767,4794,779906
2011/4/1,00:00:00,4795,4801,4757,4780,613600
2011/4/6,00:00:00,4782,4875,4782,4874,877454
2011/4/7,00:00:00,4877,4887,4854,4883,697112
2011/4/8,00:00:00,4884,4914,4865,4905,669316
2011/4/11,00:00:00,4922,4936,4893,4919,788300
2011/4/12,00:00:00,4906,4917,4878,4902,727024
2011/4/13,00:00:00,4879,4921,4860,4921,794824
2011/4/14,00:00:00,4911,4930,4901,4907,755948
2011/4/15,00:00:00,4905,4916,4819,4828,1089572
2011/4/18,00:00:00,4822,4852,4797,4844,687572
2011/4/19,00:00:00,4825,4840,4759,4775,825052
2011/4/20,00:00:00,4788,4821,4784,4815,518590
2011/4/21,00:00:00,4839,4874,4835,4849,626756
2011/4/22,00:00:00,4864,4880,4837,4873,619444
2011/4/25,00:00:00,4885,4893,4863,4879,448326
2011/4/26,00:00:00,4855,4906,4841,4896,827366
2011/4/27,00:00:00,4908,4922,4877,4885,723176
2011/4/28,00:00:00,4908,4933,4892,4907,729040
2011/4/29,00:00:00,4904,4917,4858,4915,681396
2011/5/3,00:00:00,4930,4965,4925,4954,621398
2011/5/4,00:00:00,4957,4959,4916,4941,783158
2011/5/5,00:00:00,4932,4936,4885,4914,1154848
2011/5/6,00:00:00,4836,4859,4799,4805,1216456
2011/5/9,00:00:00,4814,4830,4796,4830,795522
2011/5/10,00:00:00,4835,4853,4817,4849,672368
2011/5/11,00:00:00,4854,4867,4820,4823,764652
2011/5/12,00:00:00,4773,4811,4767,4783,913164
2011/5/13,00:00:00,4807,4853,4805,4851,756094
2011/5/16,00:00:00,4850,4858,4817,4819,628624
2011/5/17,00:00:00,4822,4834,4795,4824,707208
2011/5/18,00:00:00,4838,4847,4804,4815,606470
2011/5/19,00:00:00,4847,4848,4818,4831,635458
2011/5/20,00:00:00,4826,4836,4811,4826,477378
2011/5/23,00:00:00,4838,4838,4778,4780,896956
2011/5/24,00:00:00,4781,4812,4775,4809,570436
2011/5/25,00:00:00,4806,4835,4796,4824,656118
2011/5/26,00:00:00,4839,4845,4818,4830,415382
2011/5/27,00:00:00,4827,4840,4820,4839,316200
2011/5/30,00:00:00,4850,4887,4845,4876,546680
2011/5/31,00:00:00,4879,4894,4861,4877,400508
2011/6/1,00:00:00,4881,4887,4868,4868,276650
2011/6/2,00:00:00,4854,4866,4842,4863,339550
2011/6/3,00:00:00,4866,4876,4858,4870,283152
2011/6/7,00:00:00,4863,4868,4850,4867,235064
2011/6/8,00:00:00,4873,4888,4833,4872,607708
2011/6/9,00:00:00,4875,4877,4850,4852,252762
2011/6/10,00:00:00,4858,4868,4851,4856,280656
2011/6/13,00:00:00,4838,4840,4801,4810,573454
2011/6/14,00:00:00,4798,4826,4795,4815,357564
2011/6/15,00:00:00,4823,4825,4798,4799,385140
2011/6/16,00:00:00,4787,4798,4771,4784,434276
2011/6/17,00:00:00,4783,4788,4725,4734,671552
2011/6/20,00:00:00,4718,4733,4688,4690,605608
2011/6/21,00:00:00,4701,4715,4672,4714,739716
2011/6/22,00:00:00,4706,4723,4686,4695,496644
2011/6/23,00:00:00,4690,4742,4683,4733,767642
2011/6/24,00:00:00,4736,4750,4713,4731,479602
2011/6/27,00:00:00,4723,4735,4702,4703,539646
2011/6/28,00:00:00,4704,4718,4695,4706,445738
2011/6/29,00:00:00,4716,4730,4707,4726,419554
2011/6/30,00:00:00,4737,4754,4729,4752,418632
2011/7/1,00:00:00,4744,4748,4722,4726,339428
2011/7/4,00:00:00,4733,4799,4731,4794,152542
2011/7/5,00:00:00,4795,4819,4784,4790,381902
2011/7/6,00:00:00,4798,4817,4786,4816,489556
2011/7/7,00:00:00,4807,4827,4803,4812,298200
2011/7/8,00:00:00,4827,4833,4809,4812,278054
2011/7/11,00:00:00,4806,4869,4803,4857,532866
2011/7/12,00:00:00,4856,4876,4840,4853,515206
2011/7/13,00:00:00,4867,4894,4861,4887,412196
2011/7/14,00:00:00,4887,4890,4866,4871,284616
2011/7/15,00:00:00,4861,4881,4851,4869,287616
2011/7/18,00:00:00,4873,4921,4873,4898,389646
2011/7/19,00:00:00,4899,4917,4884,4914,333632
2011/7/20,00:00:00,4933,4935,4915,4921,325030
2011/7/21,00:00:00,4924,4924,4908,4910,209238
2011/7/22,00:00:00,4914,4930,4911,4923,221962
2011/7/25,00:00:00,4922,4922,4870,4870,403228
2011/7/26,00:00:00,4877,4897,4869,4896,308762
2011/7/27,00:00:00,4902,4922,4901,4916,295996
2011/7/28,00:00:00,4901,4936,4887,4931,424816
2011/7/29,00:00:00,4944,4944,4920,4925,229254
2011/8/1,00:00:00,4943,4974,4940,4963,460782
2011/8/2,00:00:00,4954,4973,4954,4965,274132
2011/8/3,00:00:00,4961,4984,4956,4964,358346
2011/8/4,00:00:00,4958,4965,4949,4950,266610
2011/8/5,00:00:00,4904,4904,4851,4856,617620
2011/8/8,00:00:00,4829,4851,4814,4831,546282
2011/8/9,00:00:00,4763,4811,4666,4801,939254
2011/8/10,00:00:00,4824,4846,4798,4820,356338
2011/8/11,00:00:00,4794,4840,4794,4831,450366
2011/8/12,00:00:00,4844,4859,4837,4844,290906
2011/8/15,00:00:00,4857,4879,4857,4878,317992
2011/8/16,00:00:00,4886,4891,4849,4858,382794
2011/8/17,00:00:00,4859,4884,4857,4883,295102
2011/8/18,00:00:00,4891,4893,4848,4850,329762
2011/8/19,00:00:00,4819,4840,4815,4837,308574
2011/8/22,00:00:00,4838,4866,4832,4838,268240
2011/8/23,00:00:00,4846,4856,4832,4843,247450
2011/8/24,00:00:00,4852,4862,4842,4843,172898
2011/8/25,00:00:00,4843,4847,4812,4834,361694
2011/8/26,00:00:00,4834,4839,4808,4819,285242
2011/8/29,00:00:00,4816,4819,4780,4785,446020
2011/8/30,00:00:00,4791,4832,4789,4825,426448
2011/8/31,00:00:00,4829,4851,4828,4845,285008
2011/9/1,00:00:00,4848,4855,4836,4842,229854
2011/9/2,00:00:00,4838,4844,4825,4843,199322
2011/9/5,00:00:00,4838,4849,4792,4812,323450
2011/9/6,00:00:00,4808,4811,4795,4805,297082
2011/9/7,00:00:00,4814,4844,4814,4833,239566
2011/9/8,00:00:00,4842,4844,4811,4813,178582
2011/9/9,00:00:00,4808,4821,4796,4799,307812
2011/9/13,00:00:00,4787,4804,4776,4790,259640
2011/9/14,00:00:00,4796,4802,4751,4766,376312
2011/9/15,00:00:00,4771,4775,4745,4751,325116
2011/9/16,00:00:00,4757,4765,4727,4738,334154
2011/9/19,00:00:00,4714,4715,4621,4628,573644
2011/9/20,00:00:00,4625,4628,4592,4618,474974
2011/9/21,00:00:00,4610,4656,4604,4640,525064
2011/9/22,00:00:00,4607,4610,4564,4576,498920
2011/9/23,00:00:00,4476,4553,4463,4519,826360
2011/9/26,00:00:00,4510,4526,4372,4403,801022
2011/9/27,00:00:00,4489,4489,4423,4451,716778
2011/9/28,00:00:00,4465,4471,4392,4408,598792
2011/9/29,00:00:00,4308,4350,4287,4301,626910
2011/9/30,00:00:00,4319,4353,4290,4340,634646
2011/10/10,00:00:00,4368,4372,4312,4320,394784
2011/10/11,00:00:00,4347,4392,4319,4324,723802
2011/10/12,00:00:00,4305,4354,4259,4351,841904
2011/10/13,00:00:00,4349,4350,4304,4320,638150
2011/10/14,00:00:00,4299,4340,4291,4316,705258
2011/10/17,00:00:00,4316,4325,4178,4186,1670164
2011/10/18,00:00:00,4154,4170,4095,4096,1565478
2011/10/19,00:00:00,4121,4128,4024,4055,1755822
2011/10/20,00:00:00,4004,4004,3856,3933,2683058
2011/10/21,00:00:00,3924,3995,3924,3972,1677878
2011/10/24,00:00:00,4013,4126,3967,4082,1868532
2011/10/25,00:00:00,4108,4140,4031,4037,2558438
2011/10/26,00:00:00,4001,4057,3991,4054,1751208
2011/10/27,00:00:00,4068,4082,4042,4058,1133806
2011/10/28,00:00:00,4113,4163,4069,4145,2386980
2011/10/31,00:00:00,4149,4170,4080,4128,1783900
2011/11/1,00:00:00,4131,4133,4053,4055,1763192
2011/11/2,00:00:00,4007,4055,3964,4055,1919488
2011/11/3,00:00:00,4037,4068,4007,4024,1626694
2011/11/4,00:00:00,4055,4132,4050,4127,1607664
2011/11/7,00:00:00,4124,4145,4099,4119,1195610
2011/11/8,00:00:00,4134,4168,4118,4158,1233844
2011/11/9,00:00:00,4172,4196,4163,4186,1350608
2011/11/10,00:00:00,4122,4124,4038,4077,1726250
2011/11/11,00:00:00,4101,4182,4096,4174,1429250
2011/11/14,00:00:00,4206,4237,4189,4207,1279146
2011/11/15,00:00:00,4183,4194,4165,4173,928502
2011/11/16,00:00:00,4183,4223,4147,4153,1036474
2011/11/17,00:00:00,4165,4201,4150,4195,874318
2011/11/18,00:00:00,4129,4184,4121,4173,794512
2011/11/21,00:00:00,4165,4173,4075,4102,1465022
2011/11/22,00:00:00,4065,4108,4059,4106,937348
2011/11/23,00:00:00,4107,4120,4055,4059,907106
2011/11/24,00:00:00,4042,4096,4014,4091,1337410
2011/11/25,00:00:00,4082,4089,4050,4067,846268
2011/11/28,00:00:00,4096,4122,4073,4105,882664
2011/11/29,00:00:00,4111,4150,4106,4144,1106254
2011/11/30,00:00:00,4146,4157,4088,4094,1037980
2011/12/1,00:00:00,4239,4258,4171,4187,1058474
2011/12/2,00:00:00,4174,4181,4154,4176,757514
2011/12/5,00:00:00,4176,4189,4171,4176,566686
2011/12/6,00:00:00,4170,4173,4139,4171,671088
2011/12/7,00:00:00,4185,4194,4168,4192,513808
2011/12/8,00:00:00,4180,4189,4164,4187,553600
2011/12/9,00:00:00,4162,4189,4161,4179,511514
2011/12/12,00:00:00,4189,4189,4163,4178,581482
2011/12/13,00:00:00,4162,4169,4144,4162,618616
2011/12/14,00:00:00,4153,4172,4142,4163,467460
2011/12/15,00:00:00,4112,4148,4112,4134,703042
2011/12/16,00:00:00,4141,4198,4138,4197,817642
2011/12/19,00:00:00,4194,4194,4162,4178,670094
2011/12/20,00:00:00,4177,4189,4169,4181,501164
2011/12/21,00:00:00,4203,4209,4181,4187,573998
2011/12/22,00:00:00,4186,4212,4174,4210,565404
2011/12/23,00:00:00,4209,4235,4205,4230,747374
2011/12/26,00:00:00,4230,4248,4222,4230,630416
2011/12/27,00:00:00,4231,4246,4226,4238,462864
2011/12/28,00:00:00,4243,4246,4222,4239,528980
2011/12/29,00:00:00,4223,4235,4200,4203,520082
2011/12/30,00:00:00,4207,4215,4187,4210,679966
2012/1/4,00:00:00,4233,4234,4159,4160,776212
2012/1/5,00:00:00,4152,4193,4147,4178,692268
2012/1/6,00:00:00,4168,4195,4163,4195,527428
2012/1/9,00:00:00,4187,4191,4160,4184,584838
2012/1/10,00:00:00,4185,4216,4176,4214,494422
2012/1/11,00:00:00,4224,4231,4205,4223,436340
2012/1/12,00:00:00,4217,4229,4210,4222,336908
2012/1/13,00:00:00,4229,4231,4212,4227,354790
2012/1/16,00:00:00,4206,4243,4204,4238,398790
2012/1/17,00:00:00,4242,4311,4239,4294,643508
2012/1/18,00:00:00,4294,4323,4286,4303,489948
2012/1/19,00:00:00,4311,4321,4301,4313,233124
2012/1/20,00:00:00,4315,4335,4300,4325,302992
2012/1/30,00:00:00,4325,4348,4319,4322,255160
2012/1/31,00:00:00,4321,4327,4263,4299,426250
2012/2/1,00:00:00,4288,4304,4286,4287,308602
2012/2/2,00:00:00,4297,4321,4293,4320,361984
2012/2/3,00:00:00,4316,4334,4312,4334,279858
2012/2/6,00:00:00,4345,4351,4325,4331,360534
2012/2/7,00:00:00,4329,4337,4274,4276,682654
2012/2/8,00:00:00,4285,4342,4281,4338,688074
2012/2/9,00:00:00,4329,4338,4293,4299,629904
2012/2/10,00:00:00,4306,4315,4284,4288,575642
2012/2/13,00:00:00,4268,4280,4244,4263,617360
2012/2/14,00:00:00,4258,4268,4250,4255,374368
2012/2/15,00:00:00,4257,4258,4192,4195,1027824
2012/2/16,00:00:00,4182,4190,4159,4172,922756
2012/2/17,00:00:00,4188,4194,4150,4159,832006
2012/2/20,00:00:00,4183,4190,4172,4180,627766
2012/2/21,00:00:00,4183,4230,4173,4230,1046578
2012/2/22,00:00:00,4234,4254,4223,4247,798426
2012/2/23,00:00:00,4242,4250,4220,4231,688070
2012/2/24,00:00:00,4226,4233,4214,4231,596898
2012/2/27,00:00:00,4239,4290,4239,4280,760602
2012/2/28,00:00:00,4280,4295,4268,4294,565268
2012/2/29,00:00:00,4289,4305,4275,4298,590230
2012/3/1,00:00:00,4282,4309,4279,4280,675288
2012/3/2,00:00:00,4293,4302,4285,4296,568544
2012/3/5,00:00:00,4294,4304,4254,4265,809148
2012/3/6,00:00:00,4266,4279,4255,4265,601248
2012/3/7,00:00:00,4238,4258,4229,4251,564346
2012/3/8,00:00:00,4268,4287,4263,4278,617724
2012/3/9,00:00:00,4294,4318,4293,4314,686050
2012/3/12,00:00:00,4320,4333,4313,4329,512350
2012/3/13,00:00:00,4331,4340,4326,4334,427436
2012/3/14,00:00:00,4346,4347,4308,4319,717762
2012/3/15,00:00:00,4314,4336,4306,4332,573794
2012/3/16,00:00:00,4344,4344,4315,4330,536710
2012/3/19,00:00:00,4331,4341,4321,4338,447310
2012/3/20,00:00:00,4340,4347,4322,4329,467284
2012/3/21,00:00:00,4325,4354,4323,4354,621602
2012/3/22,00:00:00,4359,4360,4342,4351,675198
2012/3/23,00:00:00,4351,4351,4335,4343,435022
2012/3/26,00:00:00,4344,4356,4342,4350,384324
2012/3/27,00:00:00,4358,4367,4351,4363,431622
2012/3/28,00:00:00,4357,4363,4341,4341,467452
2012/3/29,00:00:00,4335,4336,4311,4318,562466
2012/3/30,00:00:00,4318,4330,4312,4322,371754
2012/4/5,00:00:00,4306,4362,4291,4351,622610
2012/4/6,00:00:00,4352,4382,4350,4381,569058
2012/4/9,00:00:00,4376,4397,4367,4376,593030
2012/4/10,00:00:00,4370,4389,4370,4381,405972
2012/4/11,00:00:00,4358,4380,4358,4375,538250
2012/4/12,00:00:00,4375,4397,4375,4391,482984
2012/4/13,00:00:00,4399,4403,4367,4376,632418
2012/4/16,00:00:00,4353,4361,4327,4329,611244
2012/4/17,00:00:00,4334,4343,4317,4321,492584
2012/4/18,00:00:00,4330,4346,4320,4340,576142
2012/4/19,00:00:00,4330,4337,4303,4314,619188
2012/4/20,00:00:00,4311,4324,4297,4312,596470
2012/4/23,00:00:00,4313,4313,4277,4281,679066
2012/4/24,00:00:00,4278,4290,4259,4270,540470
2012/4/25,00:00:00,4272,4275,4251,4273,572824
2012/4/26,00:00:00,4274,4290,4270,4289,427224
2012/4/27,00:00:00,4292,4296,4266,4267,362446
2012/5/2,00:00:00,4276,4283,4245,4245,530306
2012/5/3,00:00:00,4239,4252,4234,4239,544096
2012/5/4,00:00:00,4236,4256,4233,4256,421090
2012/5/7,00:00:00,4238,4244,4216,4221,413632
2012/5/8,00:00:00,4226,4233,4210,4213,381972
2012/5/9,00:00:00,4203,4209,4170,4186,589410
2012/5/10,00:00:00,4201,4201,4180,4190,336828
2012/5/11,00:00:00,4187,4189,4148,4150,509134
2012/5/14,00:00:00,4168,4172,4132,4134,765886
2012/5/15,00:00:00,4127,4127,4056,4089,946186
2012/5/16,00:00:00,4069,4097,4049,4049,619058
2012/5/17,00:00:00,4051,4092,4051,4090,653046
2012/5/18,00:00:00,4077,4082,4051,4072,712250
2012/5/21,00:00:00,4071,4097,4068,4089,639114
2012/5/22,00:00:00,4097,4110,4060,4074,838476
2012/5/23,00:00:00,4049,4049,3997,4019,1087730
2012/5/24,00:00:00,4015,4028,4004,4027,674342
2012/5/25,00:00:00,4030,4043,4012,4037,536622
2012/5/28,00:00:00,4040,4096,4035,4090,997822
2012/5/29,00:00:00,4080,4118,4073,4115,1072892
2012/5/30,00:00:00,4100,4109,4087,4100,983116
2012/5/31,00:00:00,4069,4118,4066,4102,1002422
2012/6/1,00:00:00,4098,4114,4086,4095,972440
2012/6/4,00:00:00,4068,4074,4020,4032,1296020
2012/6/5,00:00:00,4059,4101,4047,4082,1004466
2012/6/6,00:00:00,4084,4111,4079,4094,916892
2012/6/7,00:00:00,4108,4127,4094,4099,819862
2012/6/8,00:00:00,4102,4125,4092,4105,1239074
2012/6/11,00:00:00,4122,4138,4111,4119,783856
2012/6/12,00:00:00,4100,4107,4079,4096,745126
2012/6/13,00:00:00,4102,4110,4093,4099,558752
2012/6/14,00:00:00,4092,4115,4087,4107,508928
2012/6/15,00:00:00,4115,4123,4109,4119,436940
2012/6/18,00:00:00,4127,4135,4119,4126,400934
2012/6/19,00:00:00,4121,4129,4117,4124,280584
2012/6/20,00:00:00,4127,4148,4127,4141,528408
2012/6/21,00:00:00,4125,4134,4113,4116,421638
2012/6/25,00:00:00,4101,4116,4093,4103,502594
2012/6/26,00:00:00,4106,4110,4072,4074,680324
2012/6/27,00:00:00,4078,4078,4058,4060,533072
2012/6/28,00:00:00,4065,4082,4063,4081,431554
2012/6/29,00:00:00,4074,4078,4037,4061,964404
2012/7/2,00:00:00,4089,4090,4018,4034,1155812
2012/7/3,00:00:00,4030,4078,4023,4070,900740
2012/7/4,00:00:00,4074,4091,4058,4080,873628
2012/7/5,00:00:00,4075,4091,4067,4086,663532
2012/7/6,00:00:00,4087,4091,4069,4079,439716
2012/7/9,00:00:00,4062,4062,4027,4036,741670
2012/7/10,00:00:00,4034,4036,3962,3967,1399788
2012/7/11,00:00:00,3957,3975,3939,3954,1244422
2012/7/12,00:00:00,3957,3964,3926,3945,901260
2012/7/13,00:00:00,3943,3963,3929,3962,767342
2012/7/16,00:00:00,3956,3961,3900,3906,1185998
2012/7/17,00:00:00,3901,3903,3858,3873,911292
2012/7/18,00:00:00,3863,3885,3857,3877,945174
2012/7/19,00:00:00,3872,3880,3831,3838,1076648
2012/7/20,00:00:00,3835,3836,3757,3760,1282410
2012/7/23,00:00:00,3711,3733,3661,3707,1397860
2012/7/24,00:00:00,3704,3745,3691,3722,1371776
2012/7/25,00:00:00,3699,3749,3698,3717,1486760
2012/7/26,00:00:00,3727,3743,3712,3733,1031592
2012/7/27,00:00:00,3739,3779,3734,3773,1094040
2012/7/30,00:00:00,3779,3787,3745,3768,1051422
2012/7/31,00:00:00,3773,3792,3771,3782,858772
2012/8/1,00:00:00,3774,3774,3708,3712,1733898
2012/8/2,00:00:00,3704,3704,3673,3680,1266310
2012/8/3,00:00:00,3651,3696,3642,3680,1290818
2012/8/6,00:00:00,3683,3706,3658,3690,1424694
2012/8/7,00:00:00,3686,3696,3674,3694,756384
2012/8/8,00:00:00,3696,3697,3670,3674,799482
2012/8/9,00:00:00,3672,3697,3672,3696,788166
2012/8/10,00:00:00,3690,3730,3688,3724,1426996
2012/8/13,00:00:00,3723,3736,3684,3688,1098728
2012/8/14,00:00:00,3689,3701,3661,3671,1401190
2012/8/15,00:00:00,3664,3691,3651,3674,1290020
2012/8/16,00:00:00,3670,3677,3659,3663,742800
2012/8/17,00:00:00,3667,3673,3619,3631,1620230
2012/8/20,00:00:00,3629,3633,3605,3612,1027458
2012/8/21,00:00:00,3602,3607,3583,3596,1034936
2012/8/22,00:00:00,3595,3615,3561,3563,1231386
2012/8/23,00:00:00,3565,3573,3525,3547,1798472
2012/8/24,00:00:00,3533,3538,3512,3514,1175200
2012/8/27,00:00:00,3511,3529,3498,3519,1413920
2012/8/28,00:00:00,3504,3504,3462,3462,1636122
2012/8/29,00:00:00,3457,3461,3335,3452,4392050
2012/8/30,00:00:00,3443,3461,3390,3448,3758838
2012/8/31,00:00:00,3427,3443,3413,3420,1509048
2012/9/3,00:00:00,3400,3400,3359,3360,2439352
2012/9/4,00:00:00,3340,3348,3284,3290,3280030
2012/9/5,00:00:00,3276,3308,3226,3235,3679042
2012/9/6,00:00:00,3224,3295,3213,3280,4822784
2012/9/7,00:00:00,3276,3414,3272,3414,6300084
2012/9/10,00:00:00,3441,3513,3415,3502,6388530
2012/9/11,00:00:00,3497,3501,3443,3469,5363944
2012/9/12,00:00:00,3457,3513,3443,3466,5927574
2012/9/13,00:00:00,3458,3485,3443,3463,3439402
2012/9/14,00:00:00,3526,3627,3524,3567,4177728
2012/9/17,00:00:00,3546,3578,3516,3562,4285254
2012/9/18,00:00:00,3539,3605,3539,3590,3570130
2012/9/19,00:00:00,3599,3644,3592,3644,3639830
2012/9/20,00:00:00,3626,3642,3488,3493,6274446
2012/9/21,00:00:00,3505,3513,3447,3488,5917918
2012/9/24,00:00:00,3482,3568,3468,3552,4708640
2012/9/25,00:00:00,3566,3594,3540,3555,4573942
2012/9/26,00:00:00,3540,3580,3513,3538,4176846
2012/9/27,00:00:00,3527,3649,3524,3577,2805052
2012/9/28,00:00:00,3586,3606,3559,3605,1654950
2012/10/8,00:00:00,3632,3670,3627,3661,2407280
2012/10/9,00:00:00,3683,3690,3656,3676,2486250
2012/10/10,00:00:00,3667,3706,3651,3690,2681232
2012/10/11,00:00:00,3671,3682,3620,3642,2637040
2012/10/12,00:00:00,3645,3677,3625,3644,2243772
2012/10/15,00:00:00,3608,3632,3570,3577,2446818
2012/10/16,00:00:00,3579,3606,3553,3603,2378126
2012/10/17,00:00:00,3606,3655,3588,3647,3233288
2012/10/18,00:00:00,3658,3672,3649,3660,1876622
2012/10/19,00:00:00,3660,3663,3630,3648,2087422
2012/10/22,00:00:00,3643,3711,3628,3710,2995510
2012/10/23,00:00:00,3714,3722,3647,3651,3696980
2012/10/24,00:00:00,3648,3680,3646,3672,2784406
2012/10/25,00:00:00,3670,3683,3641,3668,2734186
2012/10/26,00:00:00,3664,3687,3647,3673,2943950
2012/10/29,00:00:00,3677,3686,3618,3622,3077482
2012/10/30,00:00:00,3617,3638,3610,3626,1844566
2012/10/31,00:00:00,3628,3635,3592,3632,2711426
2012/11/1,00:00:00,3630,3683,3625,3675,2435056
2012/11/2,00:00:00,3671,3690,3653,3674,2274584
2012/11/5,00:00:00,3655,3674,3624,3643,2634346
2012/11/6,00:00:00,3650,3658,3624,3643,2054818
2012/11/7,00:00:00,3650,3658,3627,3638,2103246
2012/11/8,00:00:00,3610,3640,3602,3631,1767884
2012/11/9,00:00:00,3639,3675,3632,3645,2412762
2012/11/12,00:00:00,3637,3686,3628,3678,2511402
2012/11/13,00:00:00,3671,3681,3650,3657,1792420
2012/11/14,00:00:00,3663,3665,3636,3650,1516012
2012/11/15,00:00:00,3642,3669,3641,3652,1503682
2012/11/16,00:00:00,3652,3665,3643,3651,1076774
2012/11/19,00:00:00,3644,3646,3553,3555,3404502
2012/11/20,00:00:00,3566,3575,3550,3563,1951136
2012/11/21,00:00:00,3565,3589,3561,3580,1473034
2012/11/22,00:00:00,3579,3582,3545,3574,2331048
2012/11/23,00:00:00,3569,3586,3564,3581,1375398
2012/11/26,00:00:00,3571,3576,3554,3563,1335840
2012/11/27,00:00:00,3561,3564,3532,3546,2080650
2012/11/28,00:00:00,3539,3550,3533,3533,1222690
2012/11/29,00:00:00,3528,3529,3475,3476,2384262
2012/11/30,00:00:00,3484,3502,3472,3502,2328834
2012/12/3,00:00:00,3490,3573,3489,3554,2295008
2012/12/4,00:00:00,3549,3571,3540,3564,1589046
2012/12/5,00:00:00,3566,3632,3556,3620,2667786
2012/12/6,00:00:00,3622,3633,3584,3597,2234094
2012/12/7,00:00:00,3597,3658,3592,3657,2759842
2012/12/10,00:00:00,3667,3706,3665,3680,2333476
2012/12/11,00:00:00,3674,3691,3655,3666,2129998
2012/12/12,00:00:00,3666,3703,3656,3692,2913394
2012/12/13,00:00:00,3695,3703,3669,3685,2142934
2012/12/14,00:00:00,3684,3790,3677,3786,3567290
2012/12/17,00:00:00,3788,3836,3779,3812,2657262
2012/12/18,00:00:00,3816,3841,3790,3820,3267626
2012/12/19,00:00:00,3813,3827,3793,3818,2766948
2012/12/20,00:00:00,3813,3822,3764,3789,3054916
2012/12/21,00:00:00,3779,3831,3772,3792,2615664
2012/12/24,00:00:00,3783,3795,3770,3790,1630684
2012/12/25,00:00:00,3785,3884,3780,3872,3763022
2012/12/26,00:00:00,3869,3882,3862,3877,1795498
2012/12/27,00:00:00,3894,3956,3857,3868,3399382
2012/12/28,00:00:00,3869,3914,3868,3914,1999228
2012/12/31,00:00:00,3918,3991,3914,3986,2434736
2013/1/4,00:00:00,4014,4020,3965,3989,2321306
2013/1/7,00:00:00,4026,4045,3993,4003,2923816
2013/1/8,00:00:00,4012,4019,3967,4009,2544248
2013/1/9,00:00:00,4007,4014,3975,3997,2225108
2013/1/10,00:00:00,3993,4029,3982,4019,2914060
2013/1/11,00:00:00,4021,4028,3918,3925,3239058
2013/1/14,00:00:00,3929,4024,3893,4003,3943070
2013/1/15,00:00:00,4003,4011,3969,3977,2470342
2013/1/16,00:00:00,3966,3970,3898,3935,2754544
2013/1/17,00:00:00,3930,3949,3901,3947,2482336
2013/1/18,00:00:00,3961,4005,3954,4003,2387128
2013/1/21,00:00:00,3991,4013,3964,3966,2418396
2013/1/22,00:00:00,3970,3991,3947,3988,2347256
2013/1/23,00:00:00,3991,4056,3982,4054,2749580
2013/1/24,00:00:00,4053,4068,3999,4034,3778212
2013/1/25,00:00:00,4041,4086,4037,4078,3619616
2013/1/28,00:00:00,4076,4083,4060,4072,1920798
2013/1/29,00:00:00,4065,4079,4048,4073,1735192
2013/1/30,00:00:00,4075,4137,4075,4120,2446006
2013/1/31,00:00:00,4130,4136,4108,4133,1600796
2013/2/1,00:00:00,4127,4176,4117,4174,2255978
2013/2/4,00:00:00,4185,4241,4182,4227,1903842
2013/2/5,00:00:00,4208,4220,4152,4186,2966372
2013/2/6,00:00:00,4199,4199,4137,4149,2425448
2013/2/7,00:00:00,4147,4199,4129,4186,2216546
2013/2/8,00:00:00,4185,4222,4178,4205,1552252
2013/2/18,00:00:00,4212,4224,4121,4124,2083608
2013/2/19,00:00:00,4128,4177,4126,4150,2554578
2013/2/20,00:00:00,4153,4171,4130,4145,2738040
2013/2/21,00:00:00,4120,4133,4032,4063,4103642
2013/2/22,00:00:00,4049,4065,4011,4019,2388850
2013/2/25,00:00:00,4019,4028,3981,3997,2664978
2013/2/26,00:00:00,3967,4012,3941,3945,2746636
2013/2/27,00:00:00,3957,3998,3940,3974,3332568
2013/2/28,00:00:00,3977,4051,3977,4039,2963344
2013/3/1,00:00:00,4029,4035,3953,4009,3469280
2013/3/4,00:00:00,3966,3977,3884,3901,4025924
2013/3/5,00:00:00,3909,3944,3889,3936,2805560
2013/3/6,00:00:00,3937,3961,3911,3934,2987186
2013/3/7,00:00:00,3933,3946,3914,3929,3036508
2013/3/8,00:00:00,3949,3957,3890,3926,3351684
2013/3/11,00:00:00,3909,3937,3868,3907,3417636
2013/3/12,00:00:00,3902,3923,3874,3892,3139538
2013/3/13,00:00:00,3896,3898,3819,3831,3604630
2013/3/14,00:00:00,3820,3824,3741,3764,4098616
2013/3/15,00:00:00,3770,3916,3765,3858,5106786
2013/3/18,00:00:00,3832,3861,3783,3828,3625618
2013/3/19,00:00:00,3828,3847,3817,3841,2223932
2013/3/20,00:00:00,3819,3883,3819,3868,2657198
2013/3/21,00:00:00,3883,3926,3872,3900,3384506
2013/3/22,00:00:00,3884,3920,3873,3876,2329194
2013/3/25,00:00:00,3881,3924,3881,3910,2681496
2013/3/26,00:00:00,3902,3942,3862,3880,3273358
2013/3/27,00:00:00,3890,3914,3879,3888,2479492
2013/3/28,00:00:00,3898,3905,3812,3823,3595358
2013/3/29,00:00:00,3788,3839,3767,3809,3042244
2013/4/1,00:00:00,3793,3796,3710,3722,3595708
2013/4/2,00:00:00,3733,3772,3705,3768,3569588
2013/4/3,00:00:00,3759,3818,3753,3797,3432486
2013/4/8,00:00:00,3779,3844,3767,3834,3269950
2013/4/9,00:00:00,3843,3859,3819,3846,2975610
2013/4/10,00:00:00,3857,3860,3822,3845,2403470
2013/4/11,00:00:00,3843,3886,3823,3823,3294358
2013/4/12,00:00:00,3823,3842,3812,3836,3011086
2013/4/15,00:00:00,3798,3802,3711,3737,4020242
2013/4/16,00:00:00,3679,3761,3665,3749,3813774
2013/4/17,00:00:00,3764,3774,3677,3698,4560126
2013/4/18,00:00:00,3621,3684,3598,3650,4829382
2013/4/19,00:00:00,3666,3696,3640,3685,3396776
2013/4/22,00:00:00,3701,3716,3644,3647,2940386
2013/4/23,00:00:00,3653,3663,3584,3600,3548574
2013/4/24,00:00:00,3603,3683,3578,3645,4267556
2013/4/25,00:00:00,3645,3668,3625,3647,2411724
2013/4/26,00:00:00,3670,3682,3600,3600,2991574
2013/5/2,00:00:00,3550,3573,3531,3543,2325310
2013/5/3,00:00:00,3552,3610,3546,3581,3417272
2013/5/6,00:00:00,3630,3650,3610,3622,3048844
2013/5/7,00:00:00,3614,3658,3600,3624,3288936
2013/5/8,00:00:00,3625,3670,3622,3669,2739378
2013/5/9,00:00:00,3666,3672,3607,3621,2995562
2013/5/10,00:00:00,3610,3646,3588,3639,3623276
2013/5/13,00:00:00,3630,3687,3622,3657,4389704
2013/5/14,00:00:00,3658,3668,3612,3633,3469034
2013/5/15,00:00:00,3620,3629,3554,3555,3691826
2013/5/16,00:00:00,3553,3584,3528,3551,3889342
2013/5/17,00:00:00,3556,3630,3525,3625,6455988
2013/5/20,00:00:00,3613,3646,3604,3609,3959392
2013/5/21,00:00:00,3618,3629,3570,3593,3964212
2013/5/22,00:00:00,3588,3616,3567,3597,4323990
2013/5/23,00:00:00,3584,3589,3554,3556,3504302
2013/5/24,00:00:00,3562,3587,3558,3574,2888400
2013/5/27,00:00:00,3556,3556,3500,3500,4158384
2013/5/28,00:00:00,3502,3512,3483,3495,3153068
2013/5/29,00:00:00,3482,3504,3438,3444,3778440
2013/5/30,00:00:00,3426,3460,3425,3443,3450650
2013/5/31,00:00:00,3447,3464,3416,3421,3533470
2013/6/3,00:00:00,3435,3492,3435,3490,4180190
2013/6/4,00:00:00,3494,3501,3463,3487,3179090
2013/6/5,00:00:00,3488,3500,3472,3491,2549294
2013/6/6,00:00:00,3474,3480,3420,3429,3515518
2013/6/7,00:00:00,3427,3433,3401,3430,2644684
2013/6/13,00:00:00,3402,3450,3397,3430,2577466
2013/6/14,00:00:00,3428,3442,3391,3434,3034432
2013/6/17,00:00:00,3468,3520,3464,3488,3431830
2013/6/18,00:00:00,3493,3504,3483,3497,2055220
2013/6/19,00:00:00,3497,3540,3476,3537,3928544
2013/6/20,00:00:00,3523,3526,3466,3493,4458162
2013/6/21,00:00:00,3456,3560,3442,3536,6715022
2013/6/24,00:00:00,3521,3523,3462,3469,5199058
2013/6/25,00:00:00,3478,3485,3438,3476,5136558
2013/6/26,00:00:00,3477,3488,3432,3443,3456174
2013/6/27,00:00:00,3452,3510,3427,3496,4818684
2013/6/28,00:00:00,3487,3531,3482,3511,3697510
2013/7/1,00:00:00,3504,3520,3484,3509,3109774
2013/7/2,00:00:00,3525,3540,3515,3535,2904060
2013/7/3,00:00:00,3538,3602,3533,3591,4360170
2013/7/4,00:00:00,3596,3608,3578,3596,3210714
2013/7/5,00:00:00,3600,3612,3592,3595,2532956
2013/7/8,00:00:00,3591,3600,3557,3584,3552916
2013/7/9,00:00:00,3588,3602,3567,3577,3108552
2013/7/10,00:00:00,3576,3627,3563,3616,4147414
2013/7/11,00:00:00,3627,3678,3611,3624,4809768
2013/7/12,00:00:00,3626,3648,3616,3635,2845696
2013/7/15,00:00:00,3643,3672,3640,3641,3144220
2013/7/16,00:00:00,3645,3663,3635,3656,2451450
2013/7/17,00:00:00,3657,3684,3654,3659,2902356
2013/7/18,00:00:00,3654,3660,3643,3658,1920098
2013/7/19,00:00:00,3667,3689,3664,3671,2294358
2013/7/22,00:00:00,3672,3675,3642,3659,1890950
2013/7/23,00:00:00,3658,3673,3655,3669,1659160
2013/7/24,00:00:00,3673,3689,3659,3677,2353158
2013/7/25,00:00:00,3670,3685,3667,3669,1440560
2013/7/26,00:00:00,3674,3674,3644,3654,1540860
2013/7/29,00:00:00,3636,3639,3615,3625,1528366
2013/7/30,00:00:00,3628,3635,3618,3621,1317688
2013/7/31,00:00:00,3603,3651,3603,3631,1929596
2013/8/1,00:00:00,3641,3647,3624,3636,1320770
2013/8/2,00:00:00,3639,3665,3639,3664,1753906
2013/8/5,00:00:00,3667,3676,3664,3673,1001456
2013/8/6,00:00:00,3674,3681,3659,3679,1245696
2013/8/7,00:00:00,3680,3709,3673,3704,1936276
2013/8/8,00:00:00,3713,3739,3711,3735,1732646
2013/8/9,00:00:00,3736,3749,3710,3746,1929856
2013/8/12,00:00:00,3759,3803,3752,3801,2141628
2013/8/13,00:00:00,3809,3833,3795,3828,2136290
2013/8/14,00:00:00,3829,3839,3796,3811,1837626
2013/8/15,00:00:00,3817,3824,3807,3809,1532428
2013/8/16,00:00:00,3817,3826,3791,3800,347206
2013/8/19,00:00:00,3792,3830,3775,3801,1952288
2013/8/20,00:00:00,3800,3816,3783,3787,1567776
2013/8/21,00:00:00,3788,3797,3777,3779,1176842
2013/8/22,00:00:00,3769,3788,3753,3759,1797194
2013/8/23,00:00:00,3762,3810,3762,3806,2178466
2013/8/26,00:00:00,3816,3836,3792,3802,2095472
2013/8/27,00:00:00,3791,3819,3767,3807,2176400
2013/8/28,00:00:00,3806,3822,3755,3757,2402436
2013/8/29,00:00:00,3759,3779,3719,3740,2383578
2013/8/30,00:00:00,3726,3758,3724,3743,1473676
2013/9/2,00:00:00,3755,3785,3753,3776,1491578
2013/9/3,00:00:00,3782,3787,3734,3738,2052862
2013/9/4,00:00:00,3737,3748,3723,3731,1338392
2013/9/5,00:00:00,3724,3741,3718,3726,1235982
2013/9/6,00:00:00,3723,3727,3701,3718,1584178
2013/9/9,00:00:00,3727,3758,3727,3746,1378628
2013/9/10,00:00:00,3745,3749,3717,3731,1212720
2013/9/11,00:00:00,3727,3737,3713,3723,1332900
2013/9/12,00:00:00,3720,3730,3707,3710,1087162
2013/9/13,00:00:00,3706,3707,3655,3657,1914882
2013/9/16,00:00:00,3660,3667,3628,3647,1462492
2013/9/17,00:00:00,3646,3660,3636,3647,1235446
2013/9/18,00:00:00,3641,3643,3619,3634,1429724
2013/9/23,00:00:00,3630,3658,3614,3657,1497830
2013/9/24,00:00:00,3655,3666,3629,3629,1284068
2013/9/25,00:00:00,3629,3639,3620,3629,1067142
2013/9/26,00:00:00,3629,3631,3608,3616,1075818
2013/9/27,00:00:00,3613,3613,3575,3581,1215914
2013/9/30,00:00:00,3590,3603,3586,3593,687322
2013/10/8,00:00:00,3585,3606,3547,3605,1147416
2013/10/9,00:00:00,3601,3628,3587,3599,1929444
2013/10/10,00:00:00,3597,3619,3595,3609,1122588
2013/10/11,00:00:00,3614,3632,3602,3614,1318922
2013/10/14,00:00:00,3614,3646,3610,3643,1360968
2013/10/15,00:00:00,3645,3656,3610,3629,1611730
2013/10/16,00:00:00,3635,3636,3589,3598,1628322
2013/10/17,00:00:00,3608,3617,3590,3591,1454012
2013/10/18,00:00:00,3598,3609,3572,3596,2268900
2013/10/21,00:00:00,3587,3612,3581,3600,1604104
2013/10/22,00:00:00,3595,3611,3589,3593,1100532
2013/10/23,00:00:00,3596,3610,3576,3580,1437038
2013/10/24,00:00:00,3562,3576,3555,3563,1403226
2013/10/25,00:00:00,3563,3573,3532,3533,1196356
2013/10/28,00:00:00,3532,3544,3525,3534,855594
2013/10/29,00:00:00,3528,3552,3527,3552,1492616
2013/10/30,00:00:00,3554,3590,3553,3590,1629590
2013/10/31,00:00:00,3586,3593,3572,3582,1384850
2013/11/1,00:00:00,3580,3630,3578,3624,2242448
2013/11/4,00:00:00,3629,3635,3619,3632,1479458
2013/11/5,00:00:00,3638,3646,3615,3630,1538246
2013/11/6,00:00:00,3631,3636,3602,3609,1679428
2013/11/7,00:00:00,3611,3663,3611,3655,2310148
2013/11/8,00:00:00,3657,3662,3638,3640,1541598
2013/11/11,00:00:00,3631,3654,3614,3645,1659882
2013/11/12,00:00:00,3645,3658,3635,3646,1350484
2013/11/13,00:00:00,3638,3653,3626,3627,1683298
2013/11/14,00:00:00,3621,3629,3597,3601,2024180
2013/11/15,00:00:00,3605,3618,3576,3578,2075882
2013/11/18,00:00:00,3582,3594,3572,3579,1439946
2013/11/19,00:00:00,3574,3612,3573,3611,1795988
2013/11/20,00:00:00,3616,3636,3611,3633,1983956
2013/11/21,00:00:00,3631,3633,3598,3603,1741166
2013/11/22,00:00:00,3607,3624,3601,3604,1275398
2013/11/25,00:00:00,3614,3631,3605,3624,1542970
2013/11/26,00:00:00,3628,3665,3625,3649,2568102
2013/11/27,00:00:00,3648,3653,3636,3641,1435564
2013/11/28,00:00:00,3639,3671,3636,3660,1800728
2013/11/29,00:00:00,3664,3669,3653,3660,1000740
2013/12/2,00:00:00,3662,3691,3662,3688,1647080
2013/12/3,00:00:00,3685,3703,3682,3703,1414706
2013/12/4,00:00:00,3704,3721,3702,3708,1591908
2013/12/5,00:00:00,3711,3712,3689,3690,1322864
2013/12/6,00:00:00,3690,3697,3680,3696,1291918
2013/12/9,00:00:00,3697,3720,3697,3718,1441816
2013/12/10,00:00:00,3722,3731,3705,3714,1177468
2013/12/11,00:00:00,3716,3738,3692,3736,2094244
2013/12/12,00:00:00,3742,3745,3725,3728,1370784
2013/12/13,00:00:00,3728,3728,3667,3680,2627304
2013/12/16,00:00:00,3684,3698,3673,3676,1370310
2013/12/17,00:00:00,3681,3693,3669,3670,1450068
2013/12/18,00:00:00,3669,3670,3652,3664,1376044
2013/12/19,00:00:00,3668,3678,3651,3659,1118598
2013/12/20,00:00:00,3659,3672,3636,3638,1376312
2013/12/23,00:00:00,3628,3633,3613,3621,1227064
2013/12/24,00:00:00,3618,3642,3618,3638,1044738
2013/12/25,00:00:00,3643,3649,3604,3615,1421554
2013/12/26,00:00:00,3613,3623,3596,3617,1369372
2013/12/27,00:00:00,3618,3635,3610,3626,1408754
2013/12/30,00:00:00,3625,3641,3586,3590,1606300
2013/12/31,00:00:00,3591,3610,3580,3588,1388124
2014/1/2,00:00:00,3584,3612,3584,3611,1108358
2014/1/3,00:00:00,3607,3609,3553,3565,1401050
2014/1/6,00:00:00,3558,3564,3539,3541,1248098
2014/1/7,00:00:00,3542,3545,3489,3492,1707452
2014/1/8,00:00:00,3482,3506,3476,3495,1356636
2014/1/9,00:00:00,3491,3513,3479,3483,1424884
2014/1/10,00:00:00,3479,3521,3469,3516,1794364
2014/1/13,00:00:00,3508,3517,3477,3487,1328988
2014/1/14,00:00:00,3487,3519,3482,3517,1326230
2014/1/15,00:00:00,3514,3530,3505,3522,1241854
2014/1/16,00:00:00,3524,3532,3500,3508,1385172
2014/1/17,00:00:00,3504,3504,3478,3494,1082680
2014/1/20,00:00:00,3489,3502,3471,3475,1549474
2014/1/21,00:00:00,3466,3469,3431,3434,1676246
2014/1/22,00:00:00,3431,3462,3427,3449,1551728
2014/1/23,00:00:00,3449,3490,3445,3488,1604724
2014/1/24,00:00:00,3478,3513,3470,3513,1570984
2014/1/27,00:00:00,3500,3504,3486,3501,975156
2014/1/28,00:00:00,3493,3494,3460,3462,1104422
2014/1/29,00:00:00,3460,3480,3449,3471,917494
2014/1/30,00:00:00,3467,3491,3464,3483,603026
2014/2/7,00:00:00,3474,3477,3431,3441,1051950
2014/2/10,00:00:00,3428,3458,3412,3453,1779412
2014/2/11,00:00:00,3445,3456,3417,3418,1381628
2014/2/12,00:00:00,3416,3434,3413,3423,1299066
2014/2/13,00:00:00,3428,3444,3415,3429,1321306
2014/2/14,00:00:00,3434,3452,3429,3451,1237710
2014/2/17,00:00:00,3454,3498,3453,3495,1984948
2014/2/18,00:00:00,3493,3503,3465,3472,1347478
2014/2/19,00:00:00,3481,3491,3472,3477,1216952
2014/2/20,00:00:00,3473,3476,3434,3435,1466802
2014/2/21,00:00:00,3440,3445,3429,3430,1099312
2014/2/24,00:00:00,3428,3429,3361,3373,2158912
2014/2/25,00:00:00,3373,3388,3345,3358,1439254
2014/2/26,00:00:00,3352,3377,3350,3365,1309118
2014/2/27,00:00:00,3368,3398,3362,3390,1449598
2014/2/28,00:00:00,3386,3396,3349,3367,1685754
2014/3/3,00:00:00,3367,3385,3351,3380,1823254
2014/3/4,00:00:00,3379,3383,3346,3367,1939356
2014/3/5,00:00:00,3375,3396,3354,3382,2689770
2014/3/6,00:00:00,3376,3379,3351,3353,2038182
2014/3/7,00:00:00,3350,3358,3290,3302,3324136
2014/3/10,00:00:00,3258,3258,3194,3195,1943500
2014/3/11,00:00:00,3143,3232,3140,3208,3552908
2014/3/12,00:00:00,3158,3236,3122,3230,3665926
2014/3/13,00:00:00,3236,3263,3222,3262,2592364
2014/3/14,00:00:00,3250,3254,3201,3241,2323870
2014/3/17,00:00:00,3250,3261,3210,3213,2313102
2014/3/18,00:00:00,3213,3261,3210,3227,2505320
2014/3/19,00:00:00,3228,3250,3214,3235,2557554
2014/3/20,00:00:00,3259,3272,3226,3227,2922378
2014/3/21,00:00:00,3228,3249,3208,3219,2889196
2014/3/24,00:00:00,3215,3223,3191,3214,2581948
2014/3/25,00:00:00,3214,3309,3211,3287,4355398
2014/3/26,00:00:00,3284,3285,3260,3273,2029386
2014/3/27,00:00:00,3264,3293,3251,3268,2398598
2014/3/28,00:00:00,3270,3307,3268,3304,2507080
2014/3/31,00:00:00,3307,3343,3307,3326,2667968
2014/4/1,00:00:00,3325,3334,3314,3328,1729604
2014/4/2,00:00:00,3342,3349,3314,3315,2167248
2014/4/3,00:00:00,3313,3341,3310,3334,2145378
2014/4/4,00:00:00,3338,3375,3333,3370,2304976
2014/4/8,00:00:00,3385,3423,3381,3412,2434162
2014/4/9,00:00:00,3414,3417,3380,3383,1919698
2014/4/10,00:00:00,3389,3404,3368,3369,2195722
2014/4/11,00:00:00,3373,3376,3354,3360,1822392
2014/4/14,00:00:00,3357,3394,3349,3361,2557762
2014/4/15,00:00:00,3359,3370,3337,3370,2062126
2014/4/16,00:00:00,3360,3361,3325,3331,2144898
2014/4/17,00:00:00,3338,3343,3326,3326,1570722
2014/4/18,00:00:00,3325,3325,3239,3248,3300576
2014/4/21,00:00:00,3254,3262,3237,3238,1476106
2014/4/22,00:00:00,3235,3256,3214,3247,2242684
2014/4/23,00:00:00,3250,3271,3220,3269,2363254
2014/4/24,00:00:00,3271,3292,3265,3286,2505216
2014/4/25,00:00:00,3292,3298,3270,3279,1635748
2014/4/28,00:00:00,3264,3264,3218,3226,2088402
2014/4/29,00:00:00,3227,3262,3226,3249,2032096
2014/4/30,00:00:00,3249,3251,3220,3226,1596148
2014/5/5,00:00:00,3219,3243,3192,3237,1807830
2014/5/6,00:00:00,3235,3247,3215,3223,1593568
2014/5/7,00:00:00,3219,3229,3190,3190,2722126
2014/5/8,00:00:00,3181,3198,3169,3177,2285472
2014/5/9,00:00:00,3179,3184,3155,3164,1917736
2014/5/12,00:00:00,3150,3190,3150,3189,2213886
2014/5/13,00:00:00,3194,3198,3161,3164,1971684
2014/5/14,00:00:00,3165,3178,3160,3165,1652056
2014/5/15,00:00:00,3163,3172,3130,3131,2136152
2014/5/16,00:00:00,3127,3130,3064,3089,2965180
2014/5/19,00:00:00,3081,3106,3072,3079,2853850
2014/5/20,00:00:00,3077,3085,3063,3068,2109220
2014/5/21,00:00:00,3068,3089,3056,3077,2526738
2014/5/22,00:00:00,3075,3117,3075,3082,3126896
2014/5/23,00:00:00,3087,3097,3080,3088,2025018
2014/5/26,00:00:00,3094,3149,3094,3144,3189232
2014/5/27,00:00:00,3145,3157,3129,3145,1996998
2014/5/28,00:00:00,3139,3145,3103,3116,2459324
2014/5/29,00:00:00,3115,3126,3108,3111,1727226
2014/5/30,00:00:00,3106,3106,3051,3059,2703774
2014/6/3,00:00:00,3061,3072,3044,3059,2108666
2014/6/4,00:00:00,3057,3071,3054,3064,1821236
2014/6/5,00:00:00,3068,3080,3039,3070,2753202
2014/6/6,00:00:00,3071,3087,3064,3081,2261392
2014/6/9,00:00:00,3076,3087,3062,3068,1920978
2014/6/10,00:00:00,3073,3082,3048,3070,2742440
2014/6/11,00:00:00,3071,3074,3050,3051,1883528
2014/6/12,00:00:00,3045,3052,3031,3031,2077598
2014/6/13,00:00:00,3021,3050,3019,3032,2248674
2014/6/16,00:00:00,3021,3028,3005,3005,2280404
2014/6/17,00:00:00,3003,3029,2999,3023,2442988
2014/6/18,00:00:00,3025,3032,3011,3014,1619322
2014/6/19,00:00:00,3013,3028,3010,3016,1801596
2014/6/20,00:00:00,3017,3052,3006,3051,3111338
2014/6/23,00:00:00,3049,3080,3049,3076,2791862
2014/6/24,00:00:00,3069,3072,3053,3068,1959864
2014/6/25,00:00:00,3067,3088,3067,3082,1944510
2014/6/26,00:00:00,3088,3121,3087,3117,2889778
2014/6/27,00:00:00,3118,3123,3089,3090,1988004
2014/6/30,00:00:00,3091,3091,3072,3076,1697974
2014/7/1,00:00:00,3082,3089,3064,3075,1879548
2014/7/2,00:00:00,3077,3104,3052,3104,3290150
2014/7/3,00:00:00,3110,3121,3091,3092,2316712
2014/7/4,00:00:00,3092,3107,3085,3095,2426134
2014/7/7,00:00:00,3099,3106,3070,3084,2989916
2014/7/8,00:00:00,3086,3112,3075,3110,2495070
2014/7/9,00:00:00,3108,3111,3087,3089,2096240
2014/7/10,00:00:00,3087,3128,3083,3106,3524932
2014/7/11,00:00:00,3109,3125,3104,3121,3061362
2014/7/14,00:00:00,3124,3147,3121,3139,2839228
2014/7/15,00:00:00,3142,3148,3131,3139,2002330
2014/7/16,00:00:00,3139,3144,3129,3129,1579106
2014/7/17,00:00:00,3126,3135,3117,3118,1828404
2014/7/18,00:00:00,3116,3116,3053,3056,3206392
2014/7/21,00:00:00,3067,3068,3046,3048,2106368
2014/7/22,00:00:00,3045,3066,3045,3052,1980100
2014/7/23,00:00:00,3048,3054,3038,3045,2030578
2014/7/24,00:00:00,3040,3059,3037,3042,2482416
2014/7/25,00:00:00,3046,3058,3040,3054,1941038
2014/7/28,00:00:00,3051,3086,3051,3082,2920836
2014/7/29,00:00:00,3090,3117,3081,3109,3284338
2014/7/30,00:00:00,3102,3104,3077,3078,2446082
2014/7/31,00:00:00,3080,3090,3072,3077,1642174
2014/8/1,00:00:00,3072,3087,3060,3074,2415224
2014/8/4,00:00:00,3073,3111,3068,3110,3107222
2014/8/5,00:00:00,3110,3126,3102,3108,3221936
2014/8/6,00:00:00,3101,3125,3098,3108,2826006
2014/8/7,00:00:00,3112,3129,3103,3103,2410944
2014/8/8,00:00:00,3100,3109,3081,3091,2398984
2014/8/11,00:00:00,3090,3102,3067,3067,2747966
2014/8/12,00:00:00,3063,3073,3058,3068,1893700
2014/8/13,00:00:00,3067,3076,3047,3049,2880438
2014/8/14,00:00:00,3047,3051,3025,3026,2297128
2014/8/15,00:00:00,3024,3042,3021,3036,2570342
2014/8/18,00:00:00,3035,3041,3013,3016,2569132
2014/8/19,00:00:00,3016,3033,3009,3021,2201824
2014/8/20,00:00:00,3015,3018,2996,2996,2362536
2014/8/21,00:00:00,2998,3001,2984,2987,2049514
2014/8/22,00:00:00,2984,3005,2983,2990,2096946
2014/8/25,00:00:00,2979,2982,2966,2979,2056926
2014/8/26,00:00:00,2981,2993,2969,2983,1880818
2014/8/27,00:00:00,2986,2992,2968,2969,2137238
2014/8/28,00:00:00,2964,2972,2930,2940,3436858
2014/8/29,00:00:00,2935,2948,2929,2940,2082324
2014/9/1,00:00:00,2942,2943,2916,2917,2400054
2014/9/2,00:00:00,2916,2930,2899,2913,3821660
2014/9/3,00:00:00,2904,2907,2856,2858,4136054
2014/9/4,00:00:00,2859,2866,2841,2842,4150194
2014/9/5,00:00:00,2842,2849,2830,2838,3554428
2014/9/9,00:00:00,2823,2834,2771,2772,4543396
2014/9/10,00:00:00,2764,2813,2729,2783,7060566
2014/9/11,00:00:00,2778,2787,2752,2761,3948660
2014/9/12,00:00:00,2760,2794,2756,2793,4235112
2014/9/15,00:00:00,2814,2835,2805,2830,4948420
2014/9/16,00:00:00,2830,2837,2786,2794,5520852
2014/9/17,00:00:00,2810,2818,2786,2809,4646292
2014/9/18,00:00:00,2801,2802,2773,2773,4078200
2014/9/19,00:00:00,2764,2769,2713,2719,6143062
2014/9/22,00:00:00,2700,2700,2625,2625,5499884
2014/9/23,00:00:00,2615,2654,2601,2624,6769196
2014/9/24,00:00:00,2620,2643,2617,2623,4974852
2014/9/25,00:00:00,2620,2628,2545,2554,8487566
2014/9/26,00:00:00,2549,2628,2545,2596,9914132
2014/9/29,00:00:00,2592,2604,2522,2534,7519838
2014/9/30,00:00:00,2542,2565,2531,2537,4112978
2014/10/8,00:00:00,2562,2576,2514,2519,4938208
2014/10/9,00:00:00,2520,2569,2519,2556,5920630
2014/10/10,00:00:00,2549,2599,2534,2580,6748476
2014/10/13,00:00:00,2606,2668,2603,2663,8031740
2014/10/14,00:00:00,2660,2668,2632,2650,5236444
2014/10/15,00:00:00,2653,2671,2631,2653,6289394
2014/10/16,00:00:00,2636,2665,2598,2636,8880332
2014/10/17,00:00:00,2637,2658,2615,2627,5467456
2014/10/20,00:00:00,2633,2652,2611,2637,6297172
2014/10/21,00:00:00,2637,2644,2614,2615,4417654
2014/10/22,00:00:00,2615,2619,2560,2571,7273406
2014/10/23,00:00:00,2564,2578,2541,2552,7272832
2014/10/24,00:00:00,2552,2578,2546,2576,5664774
2014/10/27,00:00:00,2584,2588,2566,2577,4665208
2014/10/28,00:00:00,2572,2584,2560,2576,4783840
2014/10/29,00:00:00,2577,2613,2572,2613,5888286
2014/10/30,00:00:00,2615,2642,2601,2611,6923606
2014/10/31,00:00:00,2610,2615,2584,2587,5601376
2014/11/3,00:00:00,2583,2601,2559,2559,6449498
2014/11/4,00:00:00,2552,2587,2544,2575,6616400
2014/11/5,00:00:00,2573,2584,2533,2534,6764950
2014/11/6,00:00:00,2544,2558,2534,2546,6136240
2014/11/7,00:00:00,2547,2569,2526,2556,7409652
2014/11/10,00:00:00,2579,2597,2568,2579,7514740
2014/11/11,00:00:00,2577,2584,2557,2571,4927536
2014/11/12,00:00:00,2580,2587,2559,2572,5568242
2014/11/13,00:00:00,2567,2567,2536,2538,4914934
2014/11/14,00:00:00,2532,2552,2531,2542,3899304
2014/11/17,00:00:00,2547,2552,2525,2531,4594054
2014/11/18,00:00:00,2526,2526,2447,2457,8661998
2014/11/19,00:00:00,2456,2474,2449,2460,6247268
2014/11/20,00:00:00,2462,2472,2449,2452,4510932
2014/11/21,00:00:00,2438,2476,2431,2465,7048632
2014/11/24,00:00:00,2487,2494,2450,2451,6018132
2014/11/25,00:00:00,2448,2464,2439,2463,5715442
2014/11/26,00:00:00,2455,2468,2443,2460,5129596
2014/11/27,00:00:00,2468,2549,2464,2548,8837484
2014/11/28,00:00:00,2530,2581,2524,2554,8417744
2014/12/1,00:00:00,2533,2550,2512,2526,7090246
2014/12/2,00:00:00,2552,2560,2489,2509,6690534
2014/12/3,00:00:00,2506,2544,2499,2537,7204922
2014/12/4,00:00:00,2539,2595,2537,2570,8391462
2014/12/5,00:00:00,2572,2578,2552,2563,4908726
2014/12/8,00:00:00,2568,2593,2544,2546,5996492
2014/12/9,00:00:00,2539,2561,2511,2561,6977686
2014/12/10,00:00:00,2562,2575,2542,2567,6292790
2014/12/11,00:00:00,2561,2605,2555,2569,6749636
2014/12/12,00:00:00,2571,2593,2566,2588,5818342
2014/12/15,00:00:00,2592,2598,2573,2573,3415378
2014/12/16,00:00:00,2557,2559,2532,2551,4689000
2014/12/17,00:00:00,2539,2551,2534,2543,3681948
2014/12/18,00:00:00,2548,2557,2524,2552,4877936
2014/12/19,00:00:00,2556,2576,2552,2573,4027490
2014/12/22,00:00:00,2566,2568,2509,2520,5326724
2014/12/23,00:00:00,2504,2504,2472,2476,4837968
2014/12/24,00:00:00,2475,2510,2470,2503,4163090
2014/12/25,00:00:00,2501,2503,2481,2488,2715334
2014/12/26,00:00:00,2489,2494,2479,2486,2042736
2014/12/29,00:00:00,2483,2530,2473,2526,3291098
2014/12/30,00:00:00,2525,2614,2519,2613,6899960
2014/12/31,00:00:00,2621,2629,2579,2597,4471184
2015/1/5,00:00:00,2556,2574,2546,2564,3060378
2015/1/6,00:00:00,2556,2648,2553,2622,7828302
2015/1/7,00:00:00,2618,2618,2573,2589,4588006
2015/1/8,00:00:00,2589,2606,2567,2582,3893890
2015/1/9,00:00:00,2587,2591,2550,2560,3794458
2015/1/12,00:00:00,2560,2588,2504,2505,5536104
2015/1/13,00:00:00,2500,2516,2486,2512,3523854
2015/1/14,00:00:00,2501,2521,2458,2490,5366694
2015/1/15,00:00:00,2486,2525,2475,2520,4675314
2015/1/16,00:00:00,2521,2533,2499,2513,4091550
2015/1/19,00:00:00,2502,2528,2473,2518,6188424
2015/1/20,00:00:00,2514,2528,2489,2490,4010760
2015/1/21,00:00:00,2488,2514,2474,2476,4294802
2015/1/22,00:00:00,2466,2494,2466,2482,3618076
2015/1/23,00:00:00,2482,2499,2475,2487,3952386
2015/1/26,00:00:00,2485,2489,2447,2455,4995752
2015/1/27,00:00:00,2459,2474,2454,2461,2535786
2015/1/28,00:00:00,2469,2480,2460,2478,2615890
2015/1/29,00:00:00,2477,2519,2477,2512,4088766
2015/1/30,00:00:00,2518,2518,2497,2503,2480702
2015/2/2,00:00:00,2507,2529,2492,2502,3054740
2015/2/3,00:00:00,2505,2515,2489,2490,3055078
2015/2/4,00:00:00,2496,2529,2487,2488,3693090
2015/2/5,00:00:00,2500,2513,2493,2493,2349822
2015/2/6,00:00:00,2495,2516,2495,2515,2279650
2015/2/9,00:00:00,2516,2533,2489,2501,2255012
2015/2/10,00:00:00,2500,2517,2499,2513,1170488
2015/2/11,00:00:00,2515,2517,2504,2513,867934
2015/2/12,00:00:00,2515,2517,2498,2510,1115424
2015/2/13,00:00:00,2509,2536,2507,2532,2085044
2015/2/16,00:00:00,2531,2566,2528,2545,1882842
2015/2/17,00:00:00,2547,2550,2526,2542,1180290
2015/2/25,00:00:00,2535,2535,2500,2508,1229006
2015/2/26,00:00:00,2512,2534,2511,2532,1329716
2015/2/27,00:00:00,2536,2540,2497,2499,2292684
2015/3/2,00:00:00,2496,2525,2466,2519,4873336
2015/3/3,00:00:00,2516,2533,2500,2515,3035386
2015/3/4,00:00:00,2515,2520,2504,2510,1911392
2015/3/5,00:00:00,2511,2512,2471,2485,3898736
2015/3/6,00:00:00,2486,2492,2454,2454,2551214
2015/3/9,00:00:00,2449,2470,2432,2446,4516538
2015/3/10,00:00:00,2445,2452,2404,2406,3290178
2015/3/11,00:00:00,2405,2431,2403,2425,2782916
2015/3/12,00:00:00,2429,2458,2419,2449,3314654
2015/3/13,00:00:00,2461,2466,2440,2450,2929700
2015/3/16,00:00:00,2450,2483,2439,2479,3412648
2015/3/17,00:00:00,2480,2484,2468,2475,2353922
2015/3/18,00:00:00,2474,2488,2449,2458,5007588
2015/3/19,00:00:00,2456,2475,2450,2459,2342502
2015/3/20,00:00:00,2460,2472,2455,2458,1980164
2015/3/23,00:00:00,2460,2528,2452,2527,5448268
2015/3/24,00:00:00,2530,2552,2521,2526,4699476
2015/3/25,00:00:00,2524,2531,2493,2494,3451974
2015/3/26,00:00:00,2491,2502,2476,2477,3276772
2015/3/27,00:00:00,2481,2481,2399,2468,6721202
2015/3/30,00:00:00,2463,2488,2444,2446,4717626
2015/3/31,00:00:00,2467,2471,2412,2426,5684756
2015/4/1,00:00:00,2419,2424,2380,2388,6215658
2015/4/2,00:00:00,2376,2400,2341,2343,8391424
2015/4/3,00:00:00,2344,2375,2338,2343,6377258
2015/4/7,00:00:00,2332,2344,2309,2310,4670232
2015/4/8,00:00:00,2306,2334,2283,2323,7436460
2015/4/9,00:00:00,2322,2323,2286,2289,4984452
2015/4/10,00:00:00,2291,2296,2265,2265,4949124
2015/4/13,00:00:00,2262,2331,2262,2327,8639062
2015/4/14,00:00:00,2332,2339,2300,2322,7484952
2015/4/15,00:00:00,2325,2329,2294,2297,4659474
2015/4/16,00:00:00,2295,2328,2291,2317,5159738
2015/4/17,00:00:00,2317,2335,2310,2311,4776476
2015/4/20,00:00:00,2306,2314,2279,2280,6423382
2015/4/21,00:00:00,2278,2291,2271,2281,4397932
2015/4/22,00:00:00,2282,2333,2282,2326,7173000
2015/4/23,00:00:00,2327,2331,2306,2323,5665796
2015/4/24,00:00:00,2325,2386,2324,2377,9599282
2015/4/27,00:00:00,2383,2412,2365,2407,9033750
2015/4/28,00:00:00,2416,2428,2384,2397,6136136
2015/4/29,00:00:00,2398,2411,2332,2341,7548698
2015/4/30,00:00:00,2347,2377,2342,2365,5622250
2015/5/4,00:00:00,2382,2421,2371,2414,5048140
2015/5/5,00:00:00,2414,2443,2401,2430,7814260
2015/5/6,00:00:00,2431,2448,2419,2432,6477310
2015/5/7,00:00:00,2435,2439,2403,2409,5037710
2015/5/8,00:00:00,2412,2422,2388,2414,5618240
2015/5/11,00:00:00,2418,2435,2409,2422,4475836
2015/5/12,00:00:00,2421,2428,2391,2392,3962234
2015/5/13,00:00:00,2397,2409,2378,2386,3864674
2015/5/14,00:00:00,2387,2393,2346,2367,5508066
2015/5/15,00:00:00,2364,2377,2355,2376,2944136
2015/5/18,00:00:00,2379,2381,2355,2356,2653668
2015/5/19,00:00:00,2349,2362,2345,2349,2727436
2015/5/20,00:00:00,2344,2349,2308,2319,3828772
2015/5/21,00:00:00,2319,2358,2318,2350,3540998
2015/5/22,00:00:00,2351,2364,2332,2357,3877554
2015/5/25,00:00:00,2354,2357,2334,2354,3222192
2015/5/26,00:00:00,2355,2384,2353,2358,5062544
2015/5/27,00:00:00,2357,2370,2350,2363,2687344
2015/5/28,00:00:00,2362,2381,2351,2364,3316796
2015/5/29,00:00:00,2363,2374,2344,2369,3395320
2015/6/1,00:00:00,2367,2396,2359,2382,4416418
2015/6/2,00:00:00,2384,2389,2374,2386,2765342
2015/6/3,00:00:00,2388,2390,2358,2359,2615784
2015/6/4,00:00:00,2357,2369,2346,2366,3320286
2015/6/5,00:00:00,2367,2375,2335,2351,2704280
2015/6/8,00:00:00,2349,2352,2336,2343,2066252
2015/6/9,00:00:00,2340,2365,2338,2345,2209596
2015/6/10,00:00:00,2347,2358,2338,2346,2940348
2015/6/11,00:00:00,2354,2368,2349,2364,3405416
2015/6/12,00:00:00,2358,2360,2306,2309,4289668
2015/6/15,00:00:00,2308,2324,2286,2290,3597092
2015/6/16,00:00:00,2283,2298,2251,2255,4277736
2015/6/17,00:00:00,2252,2259,2230,2234,4983890
2015/6/18,00:00:00,2237,2262,2233,2255,3699770
2015/6/19,00:00:00,2255,2277,2254,2257,3280664
2015/6/23,00:00:00,2251,2253,2238,2250,2374664
2015/6/24,00:00:00,2250,2258,2241,2254,2829636
2015/6/25,00:00:00,2254,2258,2229,2232,3181498
2015/6/26,00:00:00,2230,2250,2219,2229,4353742
2015/6/29,00:00:00,2231,2245,2198,2200,4175284
2015/6/30,00:00:00,2200,2200,2113,2157,8916730
2015/7/1,00:00:00,2156,2164,2145,2149,4232586
2015/7/2,00:00:00,2146,2169,2117,2156,5538050
2015/7/3,00:00:00,2151,2183,2145,2152,4679596
2015/7/6,00:00:00,2149,2151,2056,2056,4774234
2015/7/7,00:00:00,2030,2042,1963,1972,9750508
2015/7/8,00:00:00,1977,2017,1910,1910,13033498
2015/7/9,00:00:00,1913,2066,1907,2025,11116998
2015/7/10,00:00:00,2043,2086,2035,2035,8142776
2015/7/13,00:00:00,2032,2057,2016,2033,4949278
2015/7/14,00:00:00,2041,2063,2030,2035,4441032
2015/7/15,00:00:00,2036,2045,2010,2017,3989044
2015/7/16,00:00:00,2017,2044,1985,2028,6657832
2015/7/17,00:00:00,2027,2039,2009,2033,4384174
2015/7/20,00:00:00,2026,2105,2017,2097,7592038
2015/7/21,00:00:00,2091,2111,2068,2069,5548298
2015/7/22,00:00:00,2064,2075,2001,2022,6135436
2015/7/23,00:00:00,2022,2046,2006,2038,5384618
2015/7/24,00:00:00,2038,2048,2021,2029,5042424
2015/7/27,00:00:00,2032,2081,2032,2060,7080842
2015/7/28,00:00:00,2059,2088,2040,2061,6568464
2015/7/29,00:00:00,2065,2110,2065,2104,7045496
2015/7/30,00:00:00,2103,2109,2079,2083,5758574
2015/7/31,00:00:00,2080,2113,2077,2101,5502180
2015/8/3,00:00:00,2100,2143,2084,2088,8381158
2015/8/4,00:00:00,2092,2108,2081,2104,4653228
2015/8/5,00:00:00,2105,2114,2091,2105,4602270
2015/8/6,00:00:00,2106,2109,2075,2086,4488446
2015/8/7,00:00:00,2081,2089,2054,2072,5067582
2015/8/10,00:00:00,2066,2076,2044,2053,4113250
2015/8/11,00:00:00,2051,2079,2051,2056,5510980
2015/8/12,00:00:00,2053,2076,2047,2075,4201338
2015/8/13,00:00:00,2083,2105,2079,2098,5908582
2015/8/14,00:00:00,2095,2098,2086,2091,2641080
2015/8/17,00:00:00,2094,2100,2065,2066,3531210
2015/8/18,00:00:00,2062,2073,2054,2056,2791652
2015/8/19,00:00:00,2055,2059,2032,2050,4409178
2015/8/20,00:00:00,2048,2054,2024,2032,3631382
2015/8/21,00:00:00,2037,2044,2025,2025,3027604
2015/8/24,00:00:00,2024,2026,1933,1938,6918702
2015/8/25,00:00:00,1939,1969,1921,1937,7313216
2015/8/26,00:00:00,1966,1979,1941,1942,4707006
2015/8/27,00:00:00,1939,1986,1936,1971,4431034
2015/8/28,00:00:00,1974,2005,1967,1978,6984202
2015/8/31,00:00:00,1974,1978,1948,1954,6147774
2015/9/1,00:00:00,1957,1971,1948,1964,4800488
2015/9/2,00:00:00,1961,1968,1951,1956,2726220
2015/9/7,00:00:00,1956,1956,1861,1922,4359068
2015/9/8,00:00:00,1922,1950,1918,1950,3832374
2015/9/9,00:00:00,1952,1981,1949,1951,8370982
2015/9/10,00:00:00,1953,1970,1943,1959,5042436
2015/9/11,00:00:00,1960,1971,1948,1948,5370112
2015/9/14,00:00:00,1946,1950,1930,1934,4364318
2015/9/15,00:00:00,1931,1939,1912,1914,3487922
2015/9/16,00:00:00,1916,1944,1916,1938,4224864
2015/9/17,00:00:00,1937,1953,1930,1931,4647378
2015/9/18,00:00:00,1932,1939,1923,1926,3374240
2015/9/21,00:00:00,1924,1930,1899,1908,4011002
2015/9/22,00:00:00,1912,1917,1889,1896,3306698
2015/9/23,00:00:00,1892,1908,1883,1905,3780438
2015/9/24,00:00:00,1908,1909,1891,1896,1924062
2015/9/25,00:00:00,1895,1911,1887,1893,3000308
2015/9/28,00:00:00,1887,1887,1858,1862,2468996
2015/9/29,00:00:00,1855,1860,1832,1836,3562970
2015/9/30,00:00:00,1840,1842,1819,1826,2667498
2015/10/8,00:00:00,1841,1856,1824,1832,2745014
2015/10/9,00:00:00,1832,1869,1828,1860,3845238
2015/10/12,00:00:00,1864,1874,1845,1854,4435444
2015/10/13,00:00:00,1855,1859,1828,1846,3384192
2015/10/14,00:00:00,1843,1849,1833,1836,2852464
2015/10/15,00:00:00,1837,1849,1832,1840,2386196
2015/10/16,00:00:00,1839,1842,1828,1835,2803138
2015/10/19,00:00:00,1835,1845,1809,1814,3646508
2015/10/20,00:00:00,1813,1822,1803,1808,2624902
2015/10/21,00:00:00,1808,1814,1793,1807,4839840
2015/10/22,00:00:00,1807,1821,1803,1806,3180370
2015/10/23,00:00:00,1807,1810,1783,1802,3351264
2015/10/26,00:00:00,1804,1808,1792,1797,3275262
2015/10/27,00:00:00,1796,1816,1794,1803,3466054
2015/10/28,00:00:00,1802,1804,1789,1794,2763488
2015/10/29,00:00:00,1792,1802,1787,1797,1860196
2015/10/30,00:00:00,1798,1800,1785,1788,1866306
2015/11/2,00:00:00,1788,1799,1785,1791,1535260
2015/11/3,00:00:00,1789,1792,1774,1778,2457782
2015/11/4,00:00:00,1778,1784,1775,1780,2000830
2015/11/5,00:00:00,1781,1788,1771,1777,2116574
2015/11/6,00:00:00,1777,1801,1775,1789,3308110
2015/11/9,00:00:00,1787,1799,1783,1796,2402458
2015/11/10,00:00:00,1796,1801,1785,1791,2148196
2015/11/11,00:00:00,1790,1790,1769,1771,2300854
2015/11/12,00:00:00,1773,1773,1759,1763,2798214
2015/11/13,00:00:00,1762,1768,1759,1760,2475824
2015/11/16,00:00:00,1761,1771,1754,1757,2573018
2015/11/17,00:00:00,1756,1761,1751,1754,1968784
2015/11/18,00:00:00,1754,1755,1731,1736,2623578
2015/11/19,00:00:00,1736,1737,1695,1707,5238040
2015/11/20,00:00:00,1706,1714,1696,1697,3122672
2015/11/23,00:00:00,1698,1698,1648,1659,5204792
2015/11/24,00:00:00,1660,1673,1651,1669,4004146
2015/11/25,00:00:00,1669,1720,1659,1674,7071174
2015/11/26,00:00:00,1671,1719,1664,1677,9194734
2015/11/27,00:00:00,1678,1682,1655,1656,4702192
2015/11/30,00:00:00,1653,1658,1621,1624,5434930
2015/12/1,00:00:00,1627,1638,1616,1629,4840716
2015/12/2,00:00:00,1626,1668,1623,1655,8256818
2015/12/3,00:00:00,1652,1662,1629,1631,4752634
2015/12/4,00:00:00,1631,1649,1624,1642,6177790
2015/12/7,00:00:00,1644,1667,1636,1662,5582088
2015/12/8,00:00:00,1660,1661,1639,1649,4398124
2015/12/9,00:00:00,1646,1661,1645,1651,3681676
2015/12/10,00:00:00,1651,1657,1638,1643,3228720
2015/12/11,00:00:00,1640,1656,1636,1653,3039640
2015/12/14,00:00:00,1654,1664,1643,1660,3758838
2015/12/15,00:00:00,1657,1683,1655,1656,5713176
2015/12/16,00:00:00,1655,1672,1654,1671,2275224
2015/12/17,00:00:00,1672,1695,1672,1678,6526894
2015/12/18,00:00:00,1678,1715,1678,1713,4891098
2015/12/21,00:00:00,1720,1759,1714,1752,10399356
2015/12/22,00:00:00,1753,1770,1725,1737,9030788
2015/12/23,00:00:00,1734,1736,1713,1723,6019212
2015/12/24,00:00:00,1723,1746,1722,1730,6532494
2015/12/25,00:00:00,1729,1743,1727,1742,3014512
2015/12/28,00:00:00,1742,1750,1726,1745,4776744
2015/12/29,00:00:00,1745,1793,1745,1784,8475212
2015/12/30,00:00:00,1782,1808,1774,1782,8411456
2015/12/31,00:00:00,1784,1805,1778,1786,6155724
2016/1/4,00:00:00,1821,1847,1775,1779,6925226
2016/1/5,00:00:00,1781,1790,1763,1790,6626502
2016/1/6,00:00:00,1788,1791,1770,1777,4815960
2016/1/7,00:00:00,1772,1787,1767,1774,4828270
2016/1/8,00:00:00,1771,1776,1749,1760,6883276
2016/1/11,00:00:00,1758,1772,1750,1759,5294772
2016/1/12,00:00:00,1760,1765,1739,1741,5562548
2016/1/13,00:00:00,1741,1752,1735,1741,3731666
2016/1/14,00:00:00,1742,1760,1733,1759,4264902
2016/1/15,00:00:00,1758,1787,1755,1778,6881670
2016/1/18,00:00:00,1777,1832,1770,1827,9576468
2016/1/19,00:00:00,1825,1842,1818,1840,7224298
2016/1/20,00:00:00,1839,1843,1814,1818,6561638
2016/1/21,00:00:00,1815,1824,1805,1808,5695978
2016/1/22,00:00:00,1810,1855,1807,1823,8039728
2016/1/25,00:00:00,1828,1854,1823,1839,7920790
2016/1/26,00:00:00,1839,1847,1831,1844,4501614
2016/1/27,00:00:00,1849,1868,1839,1861,7362814
2016/1/28,00:00:00,1859,1860,1811,1815,7611400
2016/1/29,00:00:00,1814,1828,1806,1814,6238132
2016/2/1,00:00:00,1816,1844,1815,1819,6039662
2016/2/2,00:00:00,1820,1824,1802,1815,4423772
2016/2/3,00:00:00,1819,1829,1808,1825,3381322
2016/2/4,00:00:00,1825,1854,1824,1850,3933780
2016/2/5,00:00:00,1852,1860,1827,1842,3043014
2016/2/15,00:00:00,1835,1879,1833,1871,3118778
2016/2/16,00:00:00,1871,1879,1860,1864,3124876
2016/2/17,00:00:00,1865,1875,1855,1860,3652396
2016/2/18,00:00:00,1863,1869,1855,1868,3313258
2016/2/19,00:00:00,1870,1892,1862,1890,5053202
2016/2/22,00:00:00,1891,1955,1886,1949,8199684
2016/2/23,00:00:00,1945,1952,1915,1920,6283048
2016/2/24,00:00:00,1918,1928,1907,1920,4483166
2016/2/25,00:00:00,1920,1948,1913,1917,5462608
2016/2/26,00:00:00,1920,1926,1887,1910,5342920
2016/2/29,00:00:00,1910,1955,1902,1953,7655070
2016/3/1,00:00:00,1959,1992,1947,1977,8117206
2016/3/2,00:00:00,1980,1999,1971,1986,7510134
2016/3/3,00:00:00,1985,1995,1962,1967,6208178
2016/3/4,00:00:00,1967,1993,1954,1990,7661262
2016/3/7,00:00:00,1992,2072,1989,2072,5830848
2016/3/8,00:00:00,2191,2192,2069,2192,11017932
2016/3/9,00:00:00,2144,2151,2020,2080,15584798
2016/3/10,00:00:00,2087,2180,2087,2107,19607526
2016/3/11,00:00:00,2091,2107,2039,2049,10263534
2016/3/14,00:00:00,2024,2097,2003,2006,12727290
2016/3/15,00:00:00,2002,2025,1983,1988,9290614
2016/3/16,00:00:00,1983,2027,1983,2026,7557082
2016/3/17,00:00:00,2029,2098,2025,2095,11883618
2016/3/18,00:00:00,2097,2164,2091,2128,16925558
2016/3/21,00:00:00,2128,2217,2100,2156,20060924
2016/3/22,00:00:00,2161,2191,2154,2170,12918680
2016/3/23,00:00:00,2167,2255,2153,2210,19652942
2016/3/24,00:00:00,2215,2224,2131,2146,22845992
2016/3/25,00:00:00,2146,2214,2146,2212,17824742
2016/3/28,00:00:00,2220,2250,2157,2163,19987262
2016/3/29,00:00:00,2170,2198,2153,2183,15375846
2016/3/30,00:00:00,2187,2187,2113,2133,17884902
2016/3/31,00:00:00,2131,2160,2124,2150,12460576
2016/4/1,00:00:00,2153,2204,2151,2202,12549210
2016/4/5,00:00:00,2214,2214,2162,2205,8749366
2016/4/6,00:00:00,2206,2219,2174,2193,10440978
2016/4/7,00:00:00,2193,2222,2183,2201,8889044
2016/4/8,00:00:00,2199,2211,2190,2207,8084382
2016/4/11,00:00:00,2212,2321,2211,2299,15194844
2016/4/12,00:00:00,2307,2345,2291,2345,13909384
2016/4/13,00:00:00,2351,2431,2332,2352,20616018
2016/4/14,00:00:00,2356,2376,2316,2323,12185656
2016/4/15,00:00:00,2322,2337,2295,2298,11376846
2016/4/18,00:00:00,2286,2413,2286,2387,12528848
2016/4/19,00:00:00,2393,2492,2393,2492,15295648
2016/4/20,00:00:00,2498,2590,2498,2590,16627534
2016/4/21,00:00:00,2608,2782,2607,2747,23972128
2016/4/22,00:00:00,2729,2733,2590,2615,23196250
2016/4/25,00:00:00,2604,2774,2581,2637,20773176
2016/4/26,00:00:00,2603,2643,2513,2548,14375246
2016/4/27,00:00:00,2547,2581,2445,2493,14698174
2016/4/28,00:00:00,2497,2540,2450,2531,12971136
2016/4/29,00:00:00,2539,2582,2526,2572,11422320
2016/5/3,00:00:00,2538,2538,2425,2443,6345050
2016/5/4,00:00:00,2432,2440,2357,2372,8514444
2016/5/5,00:00:00,2366,2395,2290,2299,9162622
2016/5/6,00:00:00,2310,2330,2272,2327,10180288
2016/5/9,00:00:00,2333,2342,2165,2165,9217184
2016/5/10,00:00:00,2098,2158,2079,2138,10744208
2016/5/11,00:00:00,2146,2166,2111,2139,10064236
2016/5/12,00:00:00,2147,2152,2067,2069,8801256
2016/5/13,00:00:00,2061,2074,1995,2025,10809188
2016/5/16,00:00:00,2018,2080,2009,2046,8674768
2016/5/17,00:00:00,2052,2110,2036,2106,8715854
2016/5/18,00:00:00,2100,2125,2030,2048,11069374
2016/5/19,00:00:00,2044,2066,2019,2037,9023394
2016/5/20,00:00:00,2025,2072,2010,2056,7810068
2016/5/23,00:00:00,2059,2063,1924,1942,8390766
2016/5/24,00:00:00,1941,1958,1913,1951,7130352
2016/5/25,00:00:00,1956,1966,1908,1912,7217104
2016/5/26,00:00:00,1916,1952,1903,1947,7744546
2016/5/27,00:00:00,1959,2039,1921,2025,11817562
2016/5/30,00:00:00,2023,2045,1895,1985,10744138
2016/5/31,00:00:00,1981,2021,1969,1973,7451628
2016/6/1,00:00:00,1970,1980,1936,1951,5692184
2016/6/2,00:00:00,1938,1976,1938,1952,5111864
2016/6/3,00:00:00,1950,1999,1948,1985,5420470
2016/6/6,00:00:00,2003,2074,1979,2054,7865010
2016/6/7,00:00:00,2059,2096,2050,2071,6752082
2016/6/8,00:00:00,2069,2108,2033,2090,7906386
2016/6/13,00:00:00,2084,2176,2084,2157,6714806
2016/6/14,00:00:00,2157,2171,2064,2064,8894048
2016/6/15,00:00:00,2056,2092,2046,2058,5795694
2016/6/16,00:00:00,2073,2109,2060,2066,6293712
2016/6/17,00:00:00,2061,2073,2023,2067,6257388
2016/6/20,00:00:00,2065,2091,2050,2056,5143904
2016/6/21,00:00:00,2048,2106,2043,2073,5942718
2016/6/22,00:00:00,2071,2132,2066,2132,7397230
2016/6/23,00:00:00,2137,2150,2121,2130,5846932
2016/6/24,00:00:00,2141,2157,2091,2117,6242356
2016/6/27,00:00:00,2117,2257,2117,2257,8219048
2016/6/28,00:00:00,2256,2274,2222,2253,6388268
2016/6/29,00:00:00,2253,2268,2218,2232,6375884
2016/6/30,00:00:00,2229,2333,2225,2325,8423280
2016/7/1,00:00:00,2328,2362,2298,2335,7661214
2016/7/4,00:00:00,2334,2448,2334,2409,10042278
2016/7/5,00:00:00,2414,2438,2299,2390,8275318
2016/7/6,00:00:00,2382,2415,2312,2362,8957486
2016/7/7,00:00:00,2352,2437,2334,2370,9269620
2016/7/8,00:00:00,2371,2427,2349,2424,9298798
2016/7/11,00:00:00,2445,2461,2343,2408,8296918
2016/7/12,00:00:00,2414,2536,2396,2531,8849898
2016/7/13,00:00:00,2517,2563,2490,2494,7800758
2016/7/14,00:00:00,2499,2518,2460,2503,6250768
2016/7/15,00:00:00,2492,2533,2463,2505,6745020

